pmid,title,abstract,journal,publication_date,doi,source_url,retrieved_at
42657140,Early Gastric Cancer Detected During 15-year Surveillance After Ménétrier Disease Remission and Successfully Treated With Endoscopic Submucosal Dissection: A Case Report.,"Ménétrier disease (MD) was diagnosed based on hypoalbuminemia and giant gastric folds extending from the body to the fundus in a woman in her 70s. A serum anti-Helicobacter pylori antibody test and urea breath test yielded negative results. Remission was achieved with steroid therapy, and she was relapse-free with the use of a proton pump inhibitor. Annual esophagogastroduodenoscopy (EGD) was continued for gastric cancer surveillance. Fifteen years after the diagnosis of MD, a type 0-I well-differentiated tubular adenocarcinoma was detected on the posterior wall of the upper gastric body. EGD, computed tomography, and endoscopic ultrasonography revealed no findings suggestive of MD recurrence, and the lesion was considered intramucosal. Endoscopic submucosal dissection resulted in curative en bloc resection. Histopathology revealed no evidence of active MD. The patient remained free of MD relapse and gastric cancer recurrence. MD is characterized by giant gastric folds and protein-losing gastroenteropathy, and it is considered a risk factor for gastric cancer. However, reports of gastric cancer diagnosed at an early stage and treated endoscopically during long-term follow-up after clinical remission induced by medical therapy, as in the present case, are rare. This case highlights the importance of continued endoscopic surveillance for gastric carcinogenesis even after long-term clinical remission of MD.",DEN open,2027,10.1002/deo2.70389,https://pubmed.ncbi.nlm.nih.gov/42657140/,2026-09-07T00:41:49.027970+00:00
42609944,Evaluation of Computer-aided Detection for Identifying Missed Gastric Cancer After Endoscopic Submucosal Dissection.,"Computer-aided detection (CADe) using deep learning is promising for reducing missed gastric cancers (MGCs) and supporting physicians in double-checking endoscopic images. We aimed to evaluate the CADe efficacy for MGCs after endoscopic submucosal dissection (ESD). We collected 2324 endoscopic images, including 60 of MGCs detected during surveillance esophagogastroduodenoscopy within 18 months after initial ESD. The performance of the CADe system, developed for early GC detection using deep learning, was compared with that of 10 endoscopists in a detection study using collected images. Per-lesion sensitivity, per-image detection performance, and diagnostic time were compared. The per-lesion sensitivity for MGCs was 15.0% (9/60) and 13.8% (83/600) for CADe and endoscopist detection, respectively (p = 0.538). The respective per-image computer-aided and endoscopist performance sensitivity was 11.3% and 10.6% (p = 0.548), specificity 88.5% and 94.8% (p < 0.001), positive predictive value 4.4% and 8.3%, and negative predictive value 95.7% and 96.0%. The per-image CADe time was significantly shorter (0.03 s vs. 2.86 s, p < 0.001). CADe showed higher sensitivity in certain subgroups, although these findings should be interpreted cautiously given the small sample size. No significant difference in sensitivity was observed between CADe and endoscopist detection for MGCs after ESD, and the absolute sensitivity remained low. Further improvements are needed before clinical implementation of CADe as a double-checking tool. The authors have confirmed clinical trial registration is not needed for this submission.",DEN open,2027,10.1002/deo2.70357,https://pubmed.ncbi.nlm.nih.gov/42609944/,2026-09-07T00:41:49.028043+00:00
42524027,Benefit of Linked-Color Imaging in Artificial Intelligence-Assisted Diagnosis of Early Gastric Cancer: A Pilot Study With Propensity Score Adjustment.,"Artificial intelligence (AI)-assisted endoscopy represents a promising approach for lesion detection, yet frequent false-positive detections impair clinical utility by disrupting examinations and diminishing physician confidence. Linked-color imaging (LCI), an image-enhanced endoscopy technique that amplifies mucosal and vascular contrast, may address this limitation. This investigation evaluated whether LCI reduces false-positive AI detections compared with white-light imaging (WLI). This retrospective study analyzed consecutive AI-assisted upper endoscopies performed between March 2024 and June 2025. WLI and LCI were performed sequentially within the same endoscopic session in each patient. False-positive AI detections were compared between modalities using two computer-aided detection (CAD) versions. Propensity score adjustment was used as a sensitivity analysis for baseline differences between CAD Versions I and II. Of 66 initially screened cases, 63 remained after excluding patients with prior gastric surgery. LCI reduced false-positive AI detections compared with WLI (median 2 vs. 5; p < 0.001). In CAD version-stratified sensitivity analyses, LCI reduced false-positive AI detections in both Version I (5 to 2; p = 0.01) and Version II (2 to 0; p = 0.03). This reduction remained consistent across atrophic grades. Both imaging modalities identified all gastric lesions, achieving 100% detection sensitivity. LCI assessment performed after WLI observation yielded fewer false-positive CAD-EYE detections while maintaining lesion detection sensitivity. However, because the observation sequence was fixed, these findings should be interpreted cautiously and require confirmation in prospective or counterbalanced studies. Trial Registration: N/A (retrospective study).",DEN open,2027,10.1002/deo2.70381,https://pubmed.ncbi.nlm.nih.gov/42524027/,2026-09-07T00:41:49.028094+00:00
42507757,Stress-specific 14-3-3-client modules in digestive cancers: an evidence-graded review of adaptive survival and therapy resistance.,"14-3-3 proteins are phosphoserine- and phosphothreonine-binding adaptors that regulate client localization, stability and activity under cellular stress. This narrative review synthesizes stress-specific 14-3-3-client modules in gastric, colorectal, pancreatic, hepatocellular and biliary cancers. Modules were classified as high, moderate, early/context-dependent or background according to mechanistic evidence, functional perturbation, client mapping, treatment-state validation and clinical association. In gastric cancer, G3BP stress granule assembly factor 1 (G3BP1) cooperates with YWHAZ-encoded 14-3-3ζ to retain pro-apoptotic Bax in the cytoplasm. In colorectal cancer, SFN-encoded 14-3-3σ restricts Yin Yang 1 (YY1), sustaining the unfolded protein response and chemotherapy tolerance. In pancreatic cancer, SFN-encoded 14-3-3σ interacts with Yes-associated protein 1 (YAP1) to promote ribonucleotide reductase expression and gemcitabine resistance. In hepatobiliary cancers, SFN-related modules support anoikis resistance but remain context dependent. Clinically relevant units are stress-specific 14-3-3-client complexes rather than total 14-3-3 expression.",Cancer biology & therapy,2026,10.1080/15384047.2026.2710413,https://pubmed.ncbi.nlm.nih.gov/42507757/,2026-09-07T00:41:49.028140+00:00
41589618,Research progress on animal models of autoimmune gastritis.,"Autoimmune gastritis (AIG) is an autoimmune disease characterized primarily by the destruction of gastric parietal cell structure and atrophy of the gastric fundic and body mucosa. The global prevalence of AIG is approximately 3.85%. Its main complications include pernicious anemia, gastric neuroendocrine tumors, and gastric cancer, which pose significant health risks. Currently, targeted treatment options for AIG are lacking worldwide. Animal models of AIG are crucial for investigating its pathogenesis and for developing drug therapies. However, reproducible methods for establishing AIG animal models remain scarce. This article provides a systematic review of internationally employed methods for modeling AIG in animals. These methods are categorized and discussed based on the modeling approaches and mechanisms, including neonatal thymectomy, genetically modified animals such as TxA23 and Ctox mice, inducer-based methods such as H⁺/K⁺-ATPase immunization, viral infection, and combined modeling strategies. In addition, the types of modeling agents and the time required for model establishment are also examined. This review highlights existing challenges, such as the lack of uniform modeling standards and evaluation criteria, and aims to provide a foundation for further exploration of AIG.",Autoimmunity,2026,10.1080/08916934.2026.2620256,https://pubmed.ncbi.nlm.nih.gov/41589618/,2026-09-07T00:41:49.028184+00:00
42569414,Eradicating Helicobacter pylori and reversing precancerous intestinal metaplasia by gastric epithelial cells-localizable oral nanomedicines.,"The ability to treat Helicobacter pylori (H. pylori) infection and eliminate its associated gastric cancer risk is highly desirable but has proven to be extremely difficult. In this study, pilot proteomic screening of clinical gastric mucosal samples suggested a progressive decline in Sirtuin 1 abundance along the H. pylori-associated pathological cascade. Based on these findings, gastric epithelial cells-localizable oral nanomedicines (GLONs) are developed, whereby H. pylori eradication and reversal of precancerous intestinal metaplasia (IM) are simultaneously achieved via Sirtuin 1 restoration. GLONs are constructed by coating resveratrol, lactoferrin, and disulfide modified-fucoidan (DFu) co-assembled nanoparticles (RLF) with engineered mucin-overexpressing gastric epithelial cell membranes. The shell of GLONs resists gastric acid, enhances mucus penetration and epithelial cells uptake. After internalization, DFu undergoes oxidative destabilization in the H2O2-enriched infectious microenvironment induced by H. pylori, thereby triggering RLF core dissociation and subsequent component release. The resveratrol restored H. pylori infection-induced impairment of Sirtuin 1, thereby activating autophagy. Meanwhile, lactoferrin promoted antimicrobial peptide production and synergized with fucoidan-mediated enhancement of antigen presentation, ultimately enabling the clearance of both intracellular and extracellular H. pylori. In metaplastic gastric cells, Sirtuin 1 repairs damaged DNA, and inhibits malignant proliferation. In mouse models, under the tested 7-day regimen, GLONs produced greater reductions in gastric H. pylori burden and more pronounced improvements in IM-related phenotypes than the abbreviated triple-therapy. GLONs represent an innovative and highly efficient therapeutic platform for H. pylori infection and its complications.",Bioactive materials,2026,10.1016/j.bioactmat.2026.07.030,https://pubmed.ncbi.nlm.nih.gov/42569414/,2026-09-07T00:41:49.028233+00:00
42466845,Intramuscular patient-derived xenografts achieve high engraftment rates in gastric cancer: implications for pharmacodynamic testing and genomic biomarker discovery.,"Gastric cancer (GC) exhibits marked inter-patient heterogeneity, limiting empirical chemotherapy efficacy. Patient-derived xenograft (PDX) models preserve the molecular features of parental tumors and can serve as pharmacodynamic surrogates, but conventional subcutaneous PDX suffers from low engraftment rates. This study evaluated an optimized intramuscular PDX platform for individualized drug testing in GC and applied whole exome sequencing (WES) for biomarker identification (Clinical trial registry: ChiCTR-OOC-17012731). Ninety-eight treatment-naive GC patients were enrolled between April 2018 and December 2020. Fresh tumor tissues were engrafted into NCG mice by intramuscular transplantation. Drug efficacy was evaluated using tumor cell necrosis rate and Ki-67 expression. WES was performed on 32 engrafted tumorgrafts to characterize driver mutations in fast- and slow-growing subgroups. An engraftment rate of 71.7% (43/60) was achieved, substantially exceeding rates reported in prior studies. Clinical characteristics were independent of engraftment success and outgrowth time (all p > 0.05). Fast- and slow-growing tumorgrafts diverged in frequently altered genes: KMT2C, APOB, CDK12 and MSH2 predominated in fast-growing grafts, whereas TP53, CHD3 and TET2 were enriched in slow-growing grafts. Slow-growing tumorgrafts correlated with longer progression-free survival (p = 0.02). PDX-guided treatment was associated with improved prognosis. Intramuscular transplantation into NCG mice yields high engraftment rates for GC PDX. PDX-guided chemotherapy selection is associated with favorable outcomes. Driver mutation divergence between fast- and slow-growing tumorgrafts provides candidate prognostic biomarkers.",Annals of medicine,2026,10.1080/07853890.2026.2680340,https://pubmed.ncbi.nlm.nih.gov/42466845/,2026-09-07T00:41:49.028302+00:00
42253411,Factors associated with psychological distress among newly diagnosed patients with gastric cancer: A cross-sectional study.,"To investigate the factors associated with psychological distress in patients newly diagnosed with gastric cancer. This study used a descriptive cross-sectional design. The participants were 173 patients newly diagnosed with gastric cancer who had not yet initiated any treatment. They were recruited from a tertiary hospital in South Korea between December 2023 and September 2025. Data were collected using self-administered questionnaires including the Brief Illness Perception Questionnaire, Supportive Care Needs Survey-Short Form 34, M.D. Anderson Symptom Inventory-Gastrointestinal Cancer Module, and the Hospital Anxiety and Depression Scale. Data were analyzed using descriptive statistics, Pearson's correlation, and hierarchical multiple regression. The mean psychological distress score was 12.8 ± 7.4 and 46.2% of participants were classified as having clinically significant psychological distress. Psychological distress was significantly positively correlated with illness perception, unmet care needs, and symptom severity. Hierarchical regression analysis revealed that illness perception (β = 0.41, P < 0.001), unmet care needs (β = 0.28, P < 0.001), and symptom severity (β = 0.16, P = 0.009) were significantly associated with psychological distress, collectively accounting for 52.6% of its variance. Psychological distress is common in newly diagnosed patients with gastric cancer. Customized nursing interventions aimed at addressing patients' illness perceptions, managing symptoms, and meeting supportive care needs even before treatment initiation may be beneficial for alleviating psychological distress and promoting better psychological adjustment.",Asia-Pacific journal of oncology nursing,2026,10.1016/j.apjon.2026.100981,https://pubmed.ncbi.nlm.nih.gov/42253411/,2026-09-07T00:41:49.028351+00:00
42163716,In vitro screening of compounds for targeting gastric cancer with Y220C p53 mutation: a molecule combining zinc chelation and a Michael acceptor drives CDKN1 and BBC3 expression to restore a p53-dependent cytotoxicity.,"Point mutations in p53 favour tumour aggressivity, particularly in gastric cancer (GC), and offer a target for small molecule-based anticancer treatments. This study focused on the p53-Y220C mutation, which causes p53 misfolding due to thermal instability associated with the creation of a pocket that may accommodate small molecules. This mutation also creates an additional free cysteine thiol group that may react with Michael acceptors. Using an integrated in silico and in vitro approach, four compounds (AG1, AG2, AG3, and RK349) were screened for potential reactivation of p53-Y220C in GC cells. AG3, a compound with zinc chelation and Michael acceptor properties, was found to induce p53 target gene expression via p53-dependent and -independent pathways. AG3 limited reactive oxygen species production, reducing toxicity to healthy cells. Furthermore, AG3 induced p53-dependent cytotoxicity and enhanced chemotherapy response. This study presents a novel compound with p53-Y220C reactivation potential, highlighting its promise for further development.",Journal of enzyme inhibition and medicinal chemistry,2026,10.1080/14756366.2026.2638836,https://pubmed.ncbi.nlm.nih.gov/42163716/,2026-09-07T00:41:49.028388+00:00
42157432,Photodynamic therapy: research progress and paradigm evolution from mechanism innovation to clinical breakthrough in cancers.,"FactsPhotodynamic therapy (PDT) is a minimally invasive anticancer modality based on the light-mediated activation of photosensitizers to generate reactive oxygen species and induce tumor cell death.PDT has demonstrated clinical efficacy in treating various tumor types, including esophageal cancer, gastric cancer, lung cancer, skin cancer, bladder cancer, cervical cancer, ovarian cancer, and glioblastoma.The antitumor effects of PDT are mediated not only by direct tumor cell killing but also by vascular damage, immunogenic cell death, and activation of antitumor immune responses.Nanotechnology-based photosensitizer delivery systems and tumor microenvironment modulation strategies have improved the targeting, oxygenation, and therapeutic efficacy of PDT.Combination strategies that integrate PDT with chemotherapy, radiotherapy, targeted therapy, and immunotherapy are an important way to enhance clinical efficacy and overcome treatment resistance.Open QuestionsHow can photosensitizer selectivity, tumor accumulation, and tissue penetration be further improved to enhance PDT efficacy while minimizing off-target toxicity?What are the optimal light parameters, drug-light intervals, and dosimetry standards for different tumor types and treatment settings?How can tumor hypoxia and oxygen depletion during PDT be effectively overcome in deep-seated or poorly vascularized tumors?What is the optimal timing and sequencing of PDT combined with immunotherapy, chemotherapy, or radiotherapy to maximize the antitumor effect?How can large-scale, multicenter clinical trials be designed to standardize PDT protocols and validate their long-term efficacy, safety, and clinical applications? Photodynamic therapy is a noninvasive anticancer treatment that uses light-activated photosensitizers to generate reactive oxygen species. However, its clinical efficacy is severely limited by tumor hypoxia and rapid oxygen depletion during the type II photochemical reaction. To address these challenges, we synthesized data from randomized controlled trials and meta-analyses published between 2000 and 2025. Our review shows that photodynamic therapy significantly increases survival rates in patients with malignant pleural effusion and achieves high complete response rates in patients with esophageal and gastric cancers. However, a risk-of-bias assessment reveals limitations in study design regarding blinding and sample size. Crucially, we identify gas-mediated therapies as the next paradigm shift. This review discusses emerging strategies to overcome tumor hypoxia and improve the efficacy of photodynamic therapy. These strategies include oxygen-generating nanoplatforms, tumor microenvironment modulation, and combination approaches with chemotherapy, radiotherapy, and immunotherapy. Additionally, we discuss the critical role of sequential immunotherapy and propose standardized dosimetry protocols that report irradiance and drug-light intervals. These protocols aim to facilitate global regulatory harmonization and clinical reproducibility.",Medical gas research,2026,10.4103/mgr.MEDGASRES-D-25-00315,https://pubmed.ncbi.nlm.nih.gov/42157432/,2026-09-07T00:41:49.028441+00:00
42107079,Internalization of Helicobacter pylori into gastric epithelial cells: mechanisms and intervention strategies.,"The internalization H. pylori into gastric epithelial cells may play a critical role in pathogenicity and evasion of antibacterial agents. However, many issues remain elusive. This review aimed to summarize the researches on H. pylori internalization and its associated intervention strategies. This descriptive review systematically analyzed studies in this field. BabA and SabA mediate H. pylori internalization, correlating with invasion into normal and inflammatory/neoplastic tissues, respectively. H. pylori invades gastric epithelial cells via zipper-like (spiral strains) and trigger (coccoid strains) pathways, rather than the single zipper-like mechanism conventionally recognized. Post-internalization, H. pylori reside in autophagosomes containing large and small vacuoles, distinct from the intracellular localization of Listeria monocytogenes and Salmonella spp. It proliferates within 12-24 h independent of virulence factors and is subsequently cleared. VacA⁺ strains exhibit lower intracellular clearance rates and a linear decline compared with VacA⁻ strains. Multiple toxins and molecular targets cooperatively mediate autophagy suppression via multipathway regulation. Probiotics, natural medicines, polymeric compounds and sonodynamic therapy represent promising interventions with translational potential. Critical knowledge gaps remain regarding the direct association between H. pylori internalization and eradication failure, invasion into non-gastric cancer cells, and the undefined intracellular survival time window of wild-type strains. Unlike other bacteria, H. pylori invades gastric epithelial cells via two pathways and evades intracellular immunity through specific toxins. However, knowledge gaps persist. Future research should focus on these gaps and promote the translational application of potential interventions.",Annals of medicine,2026,10.1080/07853890.2026.2668865,https://pubmed.ncbi.nlm.nih.gov/42107079/,2026-09-07T00:41:49.028496+00:00
41937349,NSUN2 as an emerging epigenetic regulator in cancer: from biomarker to therapeutic target.,"NOL1/NOP2/SUN domain family member 2 (NSUN2), a member of the RNA methyltransferase family responsible for catalysing 5-methylcytosine (m5 C) modifications, has been increasingly recognized as a key regulatory factor in the initiation and progression of cancer. A growing body of evidence indicates that NSUN2 is aberrantly expressed in multiple malignancies, such as hepatocellular carcinoma, breast cancer, and gastric cancer, where its overexpression is frequently associated with unfavourable clinical outcomes, increased tumour aggressiveness, and resistance to therapy. Through its m5C modification activity, NSUN2 influences RNA stability, translational efficiency, and molecular interaction networks, thereby modulating critical oncogenic signalling pathways, including Wnt/β-catenin, PI3K/AKT, and epithelial-mesenchymal transition (EMT). Moreover, NSUN2 has been shown to interact with non-coding RNAs and epigenetic regulatory factors, contributing to the remodelling of the tumour microenvironment and facilitating immune evasion. Although NSUN2 is predominantly characterized by its tumour-promoting functions, emerging studies also suggest context-specific tumour-suppressive roles, highlighting its functional complexity in cancer biology. This review aims to summarize recent advances in understanding the molecular mechanisms underlying NSUN2 function, its clinical significance, and its potential as a biomarker or therapeutic target, while also discussing the challenges in translating these findings into clinical practice. A deeper understanding of NSUN2's diverse roles in carcinogenesis may provide novel insights into RNA epigenetics and inform the development of innovative strategies for cancer diagnosis and treatment.",RNA biology,2026,10.1080/15476286.2026.2655695,https://pubmed.ncbi.nlm.nih.gov/41937349/,2026-09-07T00:41:49.028543+00:00
41824631,The mouse gastric surface epithelial cell and its response to early Helicobacter pylori infection.,"Helicobacter pylori infection is the main risk factor for gastric cancer. H. pylori easily develop antibiotic resistance and evade host defenses. In-depth knowledge of the first barrier that H. pylori encounter, the gastric surface mucus-producing epithelial cells (SMCs), may enable improved treatment and prevention. This study aimed to characterize SMC gene expression, mucus glycosylation, and identify how H. pylori colonization affects these parameters. The glycosylation of eight H. pylori-infected and eight sham control mice was characterized by mass spectrometry. SMCs from five infected and five sham control mice were extracted with laser microdissection (LCM) and sequenced with RNA sequencing (RNA-Seq). SMCs were characterized by high gene expression for proteins secreted into mucus (Tff1, Gkn1, Gkn2, Psca, and Muc5ac), mitoribosome RNA, and cytoskeleton proteins. Mucin glycans were large, complex, heavily fucosylated, and dense with H-antigen motifs. Two main glycosylation pathways ending in H-antigen glycans were identified and corroborated with glycosyltransferase expression. Glycosylation was consistent between H. pylori-infected and sham control mice. RNA-Seq data was analysed for differential gene expression, gene set enrichment analysis, and network analysis of functionally-related genes. The analyses revealed that genes required for protein synthesis and oxidative phosphorylation were down-regulated in infected mice. Most up-regulated genes were either interferon-stimulated genes or able to induce interferon production themselves. Depletion of Nkx6-3 occurred in the infected mice, indicating initiation of a pre-cancerous cascade. LCM RNA-Seq of SMCs was thus feasible and enabled characterization of the SMC and definition of a gene set showing how H. pylori infection affects SMCs.",Virulence,2026,10.1080/21505594.2026.2645859,https://pubmed.ncbi.nlm.nih.gov/41824631/,2026-09-07T00:41:49.028583+00:00
41742891,Tertiary lymphoid structures guided opportunities and challenges for immunotherapy in early gastroesophageal junction cancer and low rectal cancer.,"Early-stage gastroesophageal junction cancer (GEJC) and low rectal cancer (LRC) pose a dilemma: surgery is often curative yet may cause lasting functional loss. Emerging data suggest that early tumors tend to exhibit an immune-active microenvironment with greater tertiary lymphoid structures (TLS) density and maturity, whereas advanced disease is frequently marked by immunosuppressive signaling, vascular and metabolic barriers, and attenuated TLS function. This review synthesizes stage-dependent immune ecology and evaluates how TLS biology may inform immunotherapy in early GEJC and LRC. We highlight opportunities for organ preservation in selected patients and key constraints: few trials in early-stage tumor, uncertain applicability beyond MSI-H or dMMR, limited performance of current biomarkers, challenges in assessing pathologic complete response, and the need for standardized surveillance when surgery is deferred. Overall, TLS-guided selection and rational microenvironment-modulating combinations appear promising, but replacing surgery should be confined to trials with rigorous endpoints and quality-of-life evaluation.",Human vaccines & immunotherapeutics,2026,10.1080/21645515.2026.2631238,https://pubmed.ncbi.nlm.nih.gov/41742891/,2026-09-07T00:41:49.028621+00:00
41569265,Development and validation of a predictive model for high-risk immune-related adverse events in gastric cancer patients treated with ICIs.,"Immune checkpoint inhibitors (ICIs) may cause immune-related adverse events (irAEs), ranging from mild to life-threatening. High-risk irAEs can lead to treatment discontinuation and higher mortality, though ICI-treated patients' death rate is under 5%. Currently, no reliable biomarkers predict irAEs' occurrence or severity. This study investigates the link between accessible biomarkers and high-risk irAEs in gastric cancer patients on ICIs, as well as to develop and assess a predictive model for such events. Data were collected from patients with gastric cancer who received ICIs therapy between May 2020 and March 2025. The incidence and risk factors associated with irAEs were analyzed using the chi-square test or the Mann-Whitney U test. Univariate and multivariate logistic regression analyses were conducted to develop a predictive model. This model was validated through 10-fold cross-validation and assessed using the area under the receiver operating characteristic curve (AUC), sensitivity, specificity, positive predictive value (PPV), and negative predictive value (NPV), calibration curves, and decision curve analysis. A total of 184 gastric cancer patients receiving ICIs therapy were enrolled in this study. The incidence of irAEs of any grade was 21.2%, while the incidence of grade ≥3 irAEs was 12.5%. Multivariate logistic regression analysis identified NLR-1 (p < .001), NLR2-1 (p < .001), PLR-1 (p = .001), tumor thickness (p = .018), CV (p = .001), and intratumoral necrosis (p = .028) as independent predictors of grade ≥3 irAEs. The AUC of the developed model was 0.878, with a sensitivity of 78.26%, specificity of 80.12%, PPV of approximately 80.95%, and NPV of approximately 75.52%. The corrected C-index, derived from bootstrap resampling, was 0.849, and both calibration curves and decision curve analysis confirmed good calibration and clinical utility. These predictors may aid risk stratification and optimized patient management.",Human vaccines & immunotherapeutics,2026,10.1080/21645515.2025.2610907,https://pubmed.ncbi.nlm.nih.gov/41569265/,2026-09-07T00:41:49.028673+00:00
41521567,Cost-effectiveness analysis of sugemalimab plus chemotherapy for the first-line treatment of advanced gastric cancer or gastroesophageal junction cancer.,"The GEMSTONE-303 trial demonstrated the significant efficacy and safety of sugemalimab plus chemotherapy (S + C) as first-line treatment for patients with advanced gastric cancer (GC) or gastroesophageal junction cancer (GEJC). To evaluate the cost-effectiveness of S + C for advanced GC/GEJC from the perspective of the Chinese healthcare system. A partitioned survival model with a 3-week cycle was created to evaluate the cost-effectiveness of S + C compared to placebo plus chemotherapy (P + C) as the first-line treatment for advanced GC/GEJC. Total costs, quality-adjusted life years (QALYs), and incremental cost-effectiveness ratios (ICERs) as the primary outputs. Sensitivity analyses were performed to evaluate the uncertainty and stability of model parameters. Additionally, subgroup and scenario analyses were conducted. The base-case analysis revealed that the total costs of S + C ($89,510.52) was $49,907.43 higher than that P + C ($39,603.10). However, it also increased the QALYs by 0.29 (1.27 QALYs vs. 0.98 QALYs), with an ICER of $170,440.21/QALY, which was higher than the willingness-to-pay of $40,334.05/QALY. Sensitivity analyses demonstrated that the cost of sugemalimab, utility of progression-free survival and the discount rate had a greater impact on the model. Subgroup analyses indicated that S + C was more cost-effective in patients with advanced GC/GEJC with programmed cell death ligand 1 combined positive score ≥10. Compared to P + C, S + C is currently not an economically viable option for first-line treatment of advanced GC/GEJC in China.",Human vaccines & immunotherapeutics,2026,10.1080/21645515.2025.2611471,https://pubmed.ncbi.nlm.nih.gov/41521567/,2026-09-07T00:41:49.028720+00:00
41511857,The therapeutic potential of targeting LYAR in gastric cancer.,"To investigate the expression of Ly1 antibody-reactive clone (LYAR) in gastric cancer (GC) tissues and predict potential drugs targeting its sensitivity. We assessed the standardized mean difference (SMD) of LYAR mRNA expression across 20 GC datasets (1,804 GC samples, 858 normal tissues) using multi-center high-throughput data, in-house immunohistochemistry, and CCLE cell expression data. Clinical and pathological relevance of LYAR was evaluated using metrics such as receiver operating characteristic curve, sensitivity, specificity, and likelihood ratios. Additionally, upstream transcriptional regulation and enrichment analyses were performed, and drug sensitivity analysis identified potential drugs for high LYAR expression. LYAR expression was significantly upregulated in GC (SMD: 1.20, 95% CI: 0.89-1.51). The area under the curve was 0.89 (95% CI: 0.86-0.92), with sensitivity 0.74 (95% CI: 0.66-0.81) and specificity 0.89 (95% CI: 0.82-0.94). MYC potentially enhances LYAR expression, promoting GC progression. High LYAR expression indicates sensitivity to AZD compounds. LYAR overexpression promotes GC progression and tumorigenesis, suggesting its potential as a therapeutic target.",Future science OA,2026,10.1080/20565623.2025.2610163,https://pubmed.ncbi.nlm.nih.gov/41511857/,2026-09-07T00:41:49.028756+00:00
42248374,Huangqi Jianzhong decoction inhibits CRC invasion through the modulation of BCLAF1-mediated glycolysis.,"Huangqi Jianzhong decoction (HQJZ) is a well-known traditional Chinese medicine used to treat gastrointestinal diseases because of its beneficial effects on Qi and the spleen. Its potential effect on gastric cancer has also been well demonstrated, but its multitarget mechanisms in the treatment of CRC remain unclear, limiting its scientific development. This study aimed to clarify the role and specific mechanism of HQJZ in combating CRC and identify the key proteins it modulates and the specific mechanism involved. We performed cellular function experiments to validate the effects of HQJZ on CRC cell activity, apoptosis, proliferation, migration and invasion. Network pharmacology was combined with differential proteomics to identify key modulated proteins. Western blot, immunofluorescence and lactic acid assays were used to clarify the specific mechanism involved. The suppressive effects of HQJZ on the proliferation, migration and invasion of CRC cells were verified. By combining network pharmacology and differential proteomics, we identified BCL2-associated transcription factor 1 (BCLAF1) as one of the key proteins involved in the inhibition of the CRC malignant phenotype by HQJZ. Mechanistic studies revealed that HQJZ associating with BCLAF1 to inhibit glycolytic metabolism and lactic acid production in CRC cells and increase programmed cell death ligand 1 (PD-L1) expression on CRC cell membranes. We reveal that HQJZ inhibits CRC malignancy. Modulating and inhibiting BCLAF1-mediated glycolysis to increase PD-L1 expression on CRC cell membranes may affect the sensitivity of CRC cells to immunotherapy, but further study is needed. Our study provides new insights into the treatment of CRC by HQJZ.",Journal of ethnopharmacology,2026,10.1016/j.jep.2026.121940,https://pubmed.ncbi.nlm.nih.gov/42248374/,2026-09-07T00:41:49.028797+00:00
42633192,psiTPTE22-HERV functions as a tumor suppressor by inhibiting PI3K/AKT/mTOR/EIF4E signaling.,"psiTPTE22-HERV is a human-specific gene with unexplored functions. This study investigated its regulation, molecular mechanism, and clinical significance in gastric cancer. psiTPTE22-HERV expression was consistently down-regulated in primary tumors and cancer cell lines across various cancer types, including gastric cancer, as indicated by TCGA data and quantitative PCR analysis. Its down-regulation in gastric cancer cells is mediated by promoter methylation, confirmed through bisulfite genomic sequencing, with expression restored following demethylation treatment. A progressive reduction in psiTPTE22-HERV expression was observed from normal stomach mucosa to adjacent non-tumor tissues and primary tumors, along with increased methylation. psiTPTE22-HERV inhibited cancer cell viability, clonogenicity, cell cycle progression, migration, and invasion while promoting apoptosis. It also suppressed subcutaneous tumor growth and distant metastasis in mice. Transcriptomic analysis revealed that psiTPTE22-HERV disrupted PI3K/AKT/mTOR signaling. Western blotting confirmed that psiTPTE22-HERV reduced protein levels of PI3K, p-AKT, and mTOR. This led to the down-regulation of EIF4E and EIF4EBP1, oncogenic protein synthesis genes and effectors of mTOR signaling, as well as p-EIF4EBP1(Thr70), which is regulated by mTOR. Notably, psiTPTE22-HERV expression was inversely correlated with EIF4E, EIF4EBP1, and p-EIF4EBP1 (Thr70) in gastric tumors (all P < 0.001). Multivariate analysis revealed that psiTPTE22-HERV expression in primary gastric tumors independently predicted survival (P = 0.027). Kaplan-Meier survival analysis showed that low psiTPTE22-HERV expression was associated with shortened survival in gastric cancer patients (P = 0.0009). Overall, psiTPTE22-HERV plays a tumor-suppressive role by inhibiting the PI3K/AKT/mTOR/EIF4E pathway, and its down-regulation serves as an independent marker for poor prognosis in gastric cancer patients.",Genes & diseases,2026,10.1016/j.gendis.2025.101915,https://pubmed.ncbi.nlm.nih.gov/42633192/,2026-09-07T00:41:49.028839+00:00
42491364,Therapeutic resistance in cancer: lncRNAs as modulators and targets for cancer therapy.,"Therapeutic resistance continues to be a significant challenge in cancer treatment, often leading to tumor recurrence, metastasis, and limited therapeutic efficacy despite advancements in chemotherapy and radiotherapy. This resistance arises from complex molecular mechanisms that are influenced by various factors, including genetic alterations, epigenetic modifications, and cellular signaling. Recently, lncRNAs, a subclass of non-coding RNAs, have gained prominence for their essential role in driving cancer progression and mediating resistance to therapy. The resistance phenotype is shaped by lncRNAs through the regulation of key signaling pathways, DNA repair mechanisms, and cellular survival processes. For example, lncRNAs such as HOTAIR and MALAT1 are involved in the regulation of PI3K/AKT, EMT, and DNA repair pathways, and influence cell proliferation, apoptosis, and metastasis. These findings underscore the potential of lncRNAs as therapeutic targets. Targeting lncRNA-mediated pathways offers a promising approach to overcome resistance and enhance the efficacy of existing therapies. This review provides an in-depth analysis of the molecular mechanisms by which lncRNAs mediate resistance in various cancers, such as gastric cancer, lung cancer, breast cancer, and hepatocellular carcinoma. By focusing on the therapeutic potential of lncRNAs, we propose new avenues for overcoming resistance and improving treatment outcomes in cancer therapy.",Genes & diseases,2026,10.1016/j.gendis.2025.101990,https://pubmed.ncbi.nlm.nih.gov/42491364/,2026-09-07T00:41:49.028875+00:00
42462522,Structural and molecular insights into Helicobacter pylori CagA-SHP2 complex: From pathogenic signaling to targeted therapeutic opportunities in gastric cancer.,"Gastric cancer (GC) remains a major global health burden, ranking as the fifth most common malignancy worldwide. Helicobacter pylori (H. pylori) is strongly implicated in gastric carcinogenesis and was classified as a Class 1 carcinogen by the World Health Organization (WHO) in 1994. Among H. pylori virulence factors, cytotoxin-associated gene A (CagA) plays a pivotal oncogenic role by modulating host signaling pathways through highly specialized molecular interactions utilizing the CagA multimerization (CM) and EPIYA motifs. Following translocation into gastric epithelial cells (GECs) via the type IV secretion system (T4SS), tyrosine phosphorylation at EPIYA motifs ensures aberrant interaction between CagA and the host Src homology 2 domain-containing phosphatase 2 (SHP2). This interaction represents a unique host-pathogen crosstalk mechanism that functionally mimics oncogenic PTPN11 gain-of-function mutations, resulting in sustained activation of MAPK/ERK and focal adhesion kinase (FAK) pathways, cytoskeletal reorganization, increased cellular motility, and the characteristic hummingbird phenotype. This review aims to summarize current knowledge on the structural and functional interplay between CagA and SHP2 and its role in gastric carcinogenesis, while broadly addressing how geographic diversity in CagA variants shapes the interaction and its consequences. It further discusses the broader oncogenic impact of CagA-driven signaling alterations, including emerging evidence for a hit-and-run oncogenic mechanism, and their relevance to disease progression and prevention strategies. The CagA-SHP2 axis emerges as a central pathogenic hub in H. pylori-associated gastric carcinogenesis and an attractive pharmacological target for the development of mechanism-based therapeutic strategies for the disease.",Microbiological research,2026,10.1016/j.micres.2026.128632,https://pubmed.ncbi.nlm.nih.gov/42462522/,2026-09-07T00:41:49.028914+00:00
42419650,DEK recruits KAT6A regulate H3K27ac/c-myc axis to drive enhanced glycolysis and immune escape in gastric cancer.,"Increased glycolytic activity and immune evasion mechanisms in gastric cancer represent significant impediments to therapeutic advancements. In this study, KAT6A was strikingly upregulated in both gastric cancer tissues and cell lines and was significantly associated with malignant phenotypes and shorter survival periods. We have demonstrated that KAT6A upregulates acetylated histone levels, thereby increasing the transcriptional activity of genes, including HK2, PDL1, and CD47. This consequently promotes elevated glycolytic flux and facilitates immune evasion. Notably, for the first time, we discovered that DEK plays a crucial synergistic role in the activation of H3K27ac by KAT6A and that the knockout of DEK can rescue the related effects of overexpressing KAT6A. Moreover, knockdown of KAT6A and DEK suppressed malignant phenotypes in gastric cancer cells, including proliferation, invasion, and migration, while enhancing macrophage phagocytic function and CD8+ T-cell activity. Moreover, combined treatment with KAT6A inhibition and an anti-CD47 agent has excellent therapeutic efficacy. These findings reveal the regulatory mechanism through which KAT6A and DEK cooperate to regulate glycolysis levels and immune escape in gastric cancer and provide therapeutic targets and promising treatment strategies for tumor intervention.",Free radical biology & medicine,2026,10.1016/j.freeradbiomed.2026.07.014,https://pubmed.ncbi.nlm.nih.gov/42419650/,2026-09-07T00:41:49.028949+00:00
42402266,B3GNT2 promotes gastric cancer metastasis by facilitating membrane trafficking of RYK via N-glycosylation.,"Gastric cancer (GC) is characterized by a high metastatic propensity, which constitutes the primary cause of poor patient prognosis. Receptor-like tyrosine kinase (RYK) is associated with GC metastasis, but its regulatory mechanism remains unclear. Primary and metastatic GC tissues, together with their matched adjacent non-tumor samples, were collected. GC cell models were established to systematically evaluate the driver role of RYK in GC metastasis. We further integrated clinical specimens, GC cell models, and a mouse model of GC liver metastasis, and combined immunohistochemistry, real-time quantitative PCR, Western blot, flow cytometry, immunofluorescence, wound-healing assays, 3D sphere invasion assays, and co-immunoprecipitation to elucidate the biological functions and molecular mechanisms of RYK in GC metastasis. RYK expression was higher in both primary and metastatic tumor tissues than in adjacent normal tissues. Overexpression of RYK markedly enhanced the invasion and migration capacities of GC cells and induced epithelial-to-mesenchymal transition; blocking its membrane localization promptly attenuated this pro-metastatic effect. Mechanistically, β-1,3-N-acetylglucosaminyltransferase 2 (B3GNT2) bound to RYK and catalyzed its N-glycosylation, thereby promoting RYK trafficking to the plasma membrane. In GC cell models and a liver-metastasis mouse model, GC cells overexpressing B3GNT2 displayed significantly increased metastatic ability, whereas treatment with an N-glycosylation inhibitor effectively suppressed this phenomenon. B3GNT2 promotes the trafficking of RYK to the plasma membrane of GC cells by mediating its N-glycosylation, thereby driving GC metastasis.",Biochimica et biophysica acta. Molecular basis of disease,2026,10.1016/j.bbadis.2026.168347,https://pubmed.ncbi.nlm.nih.gov/42402266/,2026-09-07T00:41:49.029000+00:00
42479944,LC-MS/MS-Based Phytochemical Characterization of Cakile maritima Methanol Extract and Its Photodynamic Anticancer Activity in Gastric Cancer Cells.,"In this study, the phytochemical composition, in vitro anticancer activity, photodynamic therapy (PDT) activity, and molecular interaction potential with carbonic anhydrase IX (CA IX) of Cakile maritima methanol extract were evaluated. LC-MS/MS analysis identified 11 compounds among 35 screened phytochemicals, with fumaric acid (13797.19 ppb), ferulic acid (771.37 ppb) and p-coumaric acid (601.95 ppb) accounting for approximately 97% of the total content. Molecular docking results demonstrated that sinapic acid (-6.13 kcal/mol) and quinic acid (-6.11 kcal/mol) exhibited the highest binding affinities toward CA IX. Cell culture studies revealed that LogIC50 values differed significantly among cell lines (p < 0.0001). PDT applied to the MKN-28 gastric cancer cell line significantly enhanced cytotoxicity compared with the control group, with the highest photodynamic efficacy observed under green-light irradiation (p < 0.0001). These findings indicate that C. maritima methanol extract exhibits light-enhanced cytotoxicity in MKN-28 gastric cancer cells and warrant further investigation regarding its potential photosensitising properties.",Rapid communications in mass spectrometry : RCM,2026,10.1002/rcm.70143,https://pubmed.ncbi.nlm.nih.gov/42479944/,2026-09-07T00:41:49.029041+00:00
42644014,"Effect of perioperative nutritional status, inflammatory response and postoperative chemotherapy on survival after gastrectomy for advanced gastric cancer.","Despite the availability of numerous perioperative prognostic indicators for advanced gastric cancer, their relative predictive accuracy has not been compared. The present study investigated the association of these indicators and postoperative chemotherapy with patient survival in advanced gastric cancer. A total of 142 patients with stage II-IV gastric cancer who underwent gastrectomy with R0/R1 resection were examined. The preoperative modified Glasgow prognostic score (mGPS), controlling nutritional status score, CRP-to-albumin ratio, prognostic nutritional index and neutrophil-to-lymphocyte ratio was calculated. Postoperative serum CRP was evaluated as the CRPmax. Postoperative chemotherapy was administered according to the Japanese Gastric Cancer Treatment Guidelines. Patients were divided into chemotherapy and no chemotherapy groups, followed by propensity score matching to adjust for background factors. The endpoints were relapse-free survival (RFS) and overall survival (OS). Prognostic factors were evaluated using the Cox proportional hazard model. The OS and RFS were found to be improved in the chemotherapy group compared with the no chemotherapy group (P<0.05) and in the low mGPS group compared with the high mGPS group (P<0.05). Stepwise regression analysis identified the mGPS as the most reliable preoperative marker for both OS and RFS. Cox analysis of the matched groups revealed that postoperative chemotherapy was an independent prognostic factor for RFS and that mGPS was an independent prognostic factor for OS. A preoperative CRP of <0.3 mg/dl and a low mGPS score were found to be independent prognostic factors for RFS in the chemotherapy group. Overall, postoperative chemotherapy was found to reduce recurrence in advanced gastric cancer, while the preoperative mGPS was a strong prognostic marker for OS. Improving the preoperative mGPS may therefore improve both OS and the effectiveness of postoperative chemotherapy, but future large-scale studies are needed.",Oncology letters,2026,10.3892/ol.2026.15823,https://pubmed.ncbi.nlm.nih.gov/42644014/,2026-09-07T00:41:49.029083+00:00
42630705,Claudin-18.2: Molecular mechanisms to clinical translation in solid tumors (Review).,"Claudin 18.2 (CLDN18.2) is a functional subtype generated by alternative splicing of the CLDN18 gene. It is aberrantly overexpressed in a variety of gastrointestinal solid tumors such as gastric cancer and pancreatic cancer, and has emerged as a promising target for tumor targeted therapy. To date, zolbetuximab, a monoclonal antibody targeting CLDN18.2, has demonstrated survival benefits in phase III clinical trials. Antibody-drug conjugates, bispecific antibodies and chimeric antigen receptor T cell therapies also exhibit favorable application potential. Nevertheless, multiple challenges remain in this field. Distinction between CLDN18.1 and CLDN18.2 subtypes is often ambiguous, and the lack of unified immunohistochemistry testing criteria, including antibody selection and specimen types, leads to conflicting findings on prognostic research. Additionally, intratumoral heterogeneity, differential functions across tumor types and tumor microenvironment limitations further compromise the efficacy of targeted therapy. As a narrative review, this article systematically elaborates the molecular structure, expression regulatory mechanisms and clinicopathological value of CLDN18.2. Based on the data of 58 global clinical trials, it analyzes the current status, existing problems in testing standardization and drug development. Future directions are proposed, including standardizing detection protocols, developing differentiated drugs, optimizing combination regimens and overcoming drug resistance, aiming to provide references for the clinical translation and standardized application of CLDN18.2-targeted therapies.",Oncology letters,2026,10.3892/ol.2026.15814,https://pubmed.ncbi.nlm.nih.gov/42630705/,2026-09-07T00:41:49.029120+00:00
42627081,Molecular classification and precision therapy in gastric cancer: Current advances and future perspectives (Review).,"The emergence of molecular classifications for gastric cancer (GC), The Cancer Genome Atlas (TCGA) and Asian Cancer Research Group (ACRG), has advanced targeted and immunotherapies, but their clinical translation faces real‑world obstacles including high cost, tissue availability, standardization, and intratumoral heterogeneity. The present review critically compares the two classification systems regarding prognostic utility across geographic populations and boundary conflicts, noting that ACRG is more operable in East Asian populations whereas TCGA is better suited for mechanistic exploration. Focusing on acquired resistance as a core bottleneck in precision therapy, mechanisms underlying anti‑Human Epidermal Growth Factor Receptor 2 (HER2) resistance and primary/secondary resistance to immune checkpoint inhibitors (ICIs) were systematically dissected, while also addressing immune‑related adverse events and pseudo‑/hyperprogression. Moreover, non‑immune elements of the tumor microenvironment deserve attention: Cancer‑associated fibroblasts limit drug penetration and promote epithelial‑mesenchymal transition through physical barriers and paracrine signaling; metabolic reprogramming (high glycolysis and glutamine addiction) impairs chemotherapy and ICI efficacy via an acidic microenvironment and metabolic competition. Finally, multi‑target combination strategies are envisioned based on pathway redundancy, along with liquid biopsy‑driven dynamic adaptive therapy and single‑cell/spatial multi‑omics integration for precise microenvironment intervention. The present review aims to offer a systematic reference for moving GC precision therapy from static subtyping toward dynamic, multi‑dimensional integration.",Oncology reports,2026,10.3892/or.2026.9180,https://pubmed.ncbi.nlm.nih.gov/42627081/,2026-09-07T00:41:49.029166+00:00
42627075,Autophagy: Mechanisms and therapeutic perspectives in intestinal metaplasia (Review).,"Intestinal metaplasia (IM) represents a key stage in the progression of gastric mucosal lesions to gastric cancer, marked by a complex molecular pathogenesis and a lack of effective interventional strategies. Autophagy, a key mechanism for maintaining cell homeostasis, is closely associated with the onset and progression of IM. The present review aimed to summarize the role of autophagy in IM by integrating its association with risk factors and pathogenic mechanisms. The present study evaluated the impact of autophagy on inflammation, immune responses and cellular fate determination during IM. The present study summarized potential autophagy‑mediated therapeutic agents for IM treatment and future research directions and existing limitations, aiming to provide novel insight for preventing and managing this premalignant condition.",Molecular medicine reports,2026,10.3892/mmr.2026.13999,https://pubmed.ncbi.nlm.nih.gov/42627075/,2026-09-07T00:41:49.029201+00:00
42602872,131I-labeled engineered hybrid cell membrane biomimetic nanocarrier targets gastric cancer and enhances radioimmunotherapy.,"Achieving efficient radiolabeling and targeted delivery is essential to maximize therapeutic efficacy and reduce systemic toxicity. Herein, we report a novel radionuclide-delivery platform based on hybrid membranes derived from fusing liposome with statherin engineered macrophage membranes and gastric cancer cell (MFC) membranes. The obtained 131I-lipo@[RAW-MFC] nanoparticles (131I-LipRM) exhibit high-yield, stable radiolabeling and homologous tumor targeting. Using a gastric cancer model, we assess the biodistribution and therapeutic potential of 131I-LipRM alone and combine with anti-PD-L1 therapy. 131I-LipRM show favorable pharmacokinetics and efficient tumor localization, inducing significant tumor cell damage and growth suppression. Furthermore, the combination of 131I-LipRM with anti-PD-L1 therapy has synergistically enhanced T cell-mediated immune responses, promoted CD8+ T cell infiltration, and prolonged survival relative to monotherapies. These findings demonstrate that the 131I-LipRM platform enables precise radionuclide delivery and potentiates antitumor immunity through PD-L1 blockade, presenting a promising avenue for radio-immunotherapy.",Materials today. Bio,2026,10.1016/j.mtbio.2026.103533,https://pubmed.ncbi.nlm.nih.gov/42602872/,2026-09-07T00:41:49.029250+00:00
42577638,Spatial specificity of Epstein-Barr virus infection in gastric cancer: A 44-case clinicopathological analysis.,"Epstein-Barr virus (EBV) is detected in ~10% of gastric cancer (GC) cases, but whether it directly drives carcinogenesis or merely colonizes established tumors remains unclear. The present study aimed to characterize the clinicopathological features and infection patterns of EBV-positive GC (EBVaGC) and to explore their translational implications. EBV-encoded RNA in situ hybridization was performed to identify EBVaGC cases among 456 patients with GC. Immunohistochemistry was used to assess Ki-67, proliferating cell nuclear antigen (PCNA) and claudin 18.2 (CLDN18.2) expression. Clinicopathological characteristics and survival data were analyzed. Of the 456 patients, 44 (9.6%) were EBV-positive. EBVaGC predominantly occurred in men and often presented as focal ulcerative masses with diverse histologies. No significant differences were observed in terms of age, tumor size, tumor/node stage, or long-term prognosis between EBV-positive and -negative groups (P>0.05), although EBV-positive patients showed better short-term outcomes (defined as 12-month survival rate; P=0.046). Notably, EBV infection was spatially restricted, being detected in cancer cells and in a subset of adjacent high-grade intraepithelial neoplasia (HGIN) tissues (25%), but absent in all non-neoplastic gastric mucosal cells examined, including chronic gastritis, low-grade intraepithelial neoplasia without concurrent GC and high-grade intraepithelial neoplasia (HGIN) without concurrent GC. Ki-67, PCNA and CLDN18.2 expression did not differ by EBV status. In conclusion, EBV infection in GC exhibits a unique spatial pattern, present in neoplastic but not normal epithelium, suggesting it may be a late event rather than a direct etiological driver. This infection pattern provides a rationale for EBV-directed targeted therapies, as the virus could serve as a tumor-specific molecular marker.",Experimental and therapeutic medicine,2026,10.3892/etm.2026.13254,https://pubmed.ncbi.nlm.nih.gov/42577638/,2026-09-07T00:41:49.029295+00:00
42555988,Exploring potential anti-gastric cancer mechanisms of Rhizoma Paridis through integrated computational and experimental analyses.,"Gastric cancer (GC) remains a leading cause of cancer-related mortality worldwide, especially in advanced stages with limited treatment efficacy. Rhizoma Paridis (RPS), a traditional Chinese medicinal herb, has shown promising antitumor activity, yet its potential anti-GC mechanisms have not been systematically investigated. An integrated computational and experimental framework was established to explore the anti-GC activity and potential mechanisms of RPS. First, the active compounds of RPS and their corresponding targets were identified using UPLC, LC-MS analysis and machine learning (Ml)-driven data mining. Then, the key target genes were determined by the gradient boosting algorithms and their associations with GC were investigated by the deconvolution algorithms, unsupervised clustering and dimensionality reduction methods. Further, the potential compound-target interactions and the mechanism of RPS for treating GC were supported by the molecular docking, Molecular dynamics (MD) simulations, in vivo and in vitro experiments. A total of 118 phytochemicals were identified from RPS, from which 40 candidate bioactive compounds and six hub genes, i.e., BAX, BCL2, VEGFA, KDR, CASP3 and CTNNB1 were prioritized. Functional enrichment analyses suggested that these targets were mainly associated with apoptosis, angiogenesis and Wnt/β-catenin-related signaling pathways. Transcriptomic, prognostic, immune infiltration and single-cell analyses further supported their relevance in GC. Docking and MD simulations indicated favorable binding stability between representative compounds and the key targets. Experimental studies demonstrated that RPS inhibited GC cell proliferation and tumor growth, accompanied by apoptosis-related and angiogenesis-associated molecular changes. RPS exhibits significant anti-GC activity and may exert its effects through the coordinated regulation of apoptosis-, angiogenesis- and Wnt/β-catenin-associated pathways. This study provides a systems-level framework integrating computational analyses with biological validation to investigate the pharmacological effects of complex herbal medicines and offers mechanistic insights into the anti-GC potential of RPS.",Phytomedicine : international journal of phytotherapy and phytopharmacology,2026,10.1016/j.phymed.2026.158588,https://pubmed.ncbi.nlm.nih.gov/42555988/,2026-09-07T00:41:49.029349+00:00
42542057,Tanshinone I as a novel ferritinophagy inducer triggers ferroptosis to suppress gastric cancer growth.,"Gastric cancer (GC) remains a major global health challenge, underscoring the urgent need for effective therapeutic strategies. Ferritinophagy-driven ferroptosis has recently emerged as a promising anticancer approach; however, potent pharmacological inducers and their modes of action remain largely unexplored. This study aimed to investigate whether Tanshinone I (Tan I), a bioactive diterpenoid quinone, exerts antitumor effects against GC via ferritinophagy-dependent ferroptosis and to elucidate its underlying molecular mechanism. Ferroptosis induction was evaluated using pharmacological rescue assays, flow cytometry, confocal microscopy, and transmission electron microscopy. Mechanistic investigations were conducted through quantitative proteomics, immunofluorescence staining, immunoblotting, and analyses of protein stability and ubiquitination. Target identification and validation were employed using limited proteolysis-mass spectrometry, cellular thermal shift assay, drug affinity responsive target stability, computational modeling, co-immunoprecipitation, and genetic manipulation. The antitumor efficacy of Tan I was further evaluated in orthotopic and patient-derived xenograft (PDX) models. Tan I was identified as a potent inducer of ferroptosis and ferritinophagy in GC cells, as demonstrated by increased labile ferrous iron and lipid reactive oxygen species, characteristic mitochondrial abnormalities, and partial reversal of Tan I-induced cytotoxicity by ferroptosis inhibitors. Mechanistically, Tan I disrupted the interaction between the E3 ubiquitin ligase HUWE1 and the ferritinophagy cargo receptor NCOA4, thereby attenuating HUWE1-mediated ubiquitination and proteasomal degradation of NCOA4. Stabilization of NCOA4 enhanced ferritin turnover, resulting in iron overload, lipid peroxidation, mitochondrial dysfunction, and ultimately ferroptotic cell death. Notably, HUWE1 knockdown mimicked the key ferroptotic phenotypes induced by Tan I, whereas HUWE1 overexpression or NCOA4 knockdown mitigated these effects. Importantly, Tan I significantly suppressed tumor growth in both orthotopic and PDX models at well-tolerated doses while concomitantly activating ferritinophagy- and ferroptosis-associated markers in vivo. By targeting the HUWE1-NCOA4 axis, Tan I induced ferritinophagy-dependent ferroptosis and exerted potent antitumor activity against GC, highlighting its potential as a lead compound for ferroptosis-based cancer therapies.",Phytomedicine : international journal of phytotherapy and phytopharmacology,2026,10.1016/j.phymed.2026.158645,https://pubmed.ncbi.nlm.nih.gov/42542057/,2026-09-07T00:41:49.029396+00:00
42531686,Beyond development: Global disparities in gastrointestinal cancer outcomes across 176 countries.,"Mortality-to-incidence ratio (MIR) - defined as the age-standardized mortality rate divided by the age-standardized incidence rate - has been proposed as an ecological proxy for cancer treatment access at the population level. We characterized MIR for four gastrointestinal (GI) cancers across 176 countries and quantified the Surgical Access Gap (SAG), defined as the residual between observed and human development index (HDI)-adjusted expected MIR. We conducted a cross-sectional ecological analysis using GLOBOCAN 2022 data for colorectal, gastric, esophageal, and pancreatic cancers across 185 countries. MIR was calculated as the age-standardized mortality rate (ASMR) divided by the age-standardized incidence rate (ASIR). HDI-adjusted expected MIR was estimated using restricted cubic spline (RCS) regression (3 knots). SAG was defined as observed minus expected MIR. Spearman correlations between MIR and HDI and UHC Service Coverage Index were calculated. Exploratory cluster analysis was performed using k-means (k = 4, z-score standardized variables). WHO Mortality Database data (1994-2022, 140 countries) provided independent mortality trend characterization. GBD 2023 cross-source agreement analysis confirmed GLOBOCAN 2022 MIR estimates for colorectal (Spearman ρ=0.811) and gastric cancer (Spearman ρ=0.510); agreement was weaker for esophageal and pancreatic cancers.Results of 185 eligible countries, 176 had calculable MIR values. HDI explained 76.4% of colorectal cancer MIR variance (R²=0.764). HDI was strongly inversely associated with MIR for colorectal (ρ=-0.878) and gastric cancer (ρ=-0.839; all p < 0.001). Japan demonstrated consistently negative SAG across all four cancer types (colorectal SAG=-0.075; gastric SAG=-0.348), indicating outcomes substantially better than predicted by HDI. The United Arab Emirates, Qatar, and Saudi Arabia demonstrated positive SAG across all four cancer types, indicating outcomes worse than expected. Exploratory cluster analysis identified four country groupings; Japan, the Republic of Korea, Belgium, and Guyana formed the smallest cluster (n = 4) with the most favourable SAG profiles, although Guyana represented a borderline assignment. MIR-based analysis across 176 countries identified substantial global heterogeneity in GI cancer outcomes beyond what HDI predicts. Japan's consistently negative SAG and the paradoxically positive SAG of several high-income countries suggest that factors not captured by composite development indices may be associated with population-level GI cancer outcomes. These hypothesis-generating findings may inform future health system research priorities.",Cancer epidemiology,2026,10.1016/j.canep.2026.103181,https://pubmed.ncbi.nlm.nih.gov/42531686/,2026-09-07T00:41:49.029453+00:00
42498222,From JAK2 degradation to precision immunotherapy: A translational passport for strebloside in Epstein-Barr virus-associated gastric cancer.,,Translational research : the journal of laboratory and clinical medicine,2026,10.1016/j.trsl.2026.07.011,https://pubmed.ncbi.nlm.nih.gov/42498222/,2026-09-07T00:41:49.029477+00:00
42457097,Intracellular harboring of Helicobacter pylori within Candida species in human gastric biopsies: Evidence suggestive of a potential Trojan horse mechanism.,"Helicobacter pylori (H. pylori) is a globally prevalent pathogen associated with gastritis, peptic ulcer and gastric adenocarcinoma. Despite available eradication therapies, treatment failures remain common, suggesting alternative survival mechanisms. Recent studies have proposed that H. pylori may persist within yeasts, particularly Candida species, through endofungal associations. In this prospective cross-sectional study, gastric biopsy specimens from 233 patients undergoing upper gastrointestinal endoscopy at Gastroenterology Department of Ege University Hospital between July 2021 and October 2022 were analyzed. Candida spp. were isolated and examined for intracellular bacteria and intracellular H. pylori. Molecular assays, including H. pylori-specific primers and virulence gene analysis, were performed directly from total Candida DNA without prior bacterial culture. Species-level identification of Candida isolates was confirmed by PCR and sequencing. Candida species were isolated from gastric biopsy samples of 94 (40.3%) of the total 233 patients, yielding 159 Candida isolates overall. Endofungal H. pylori was detected in 48 of these 159 isolates (30.2%), corresponding to 38 of the 94 Candida-positive patients (40.4%), as some patients yielded positive isolates from both the antrum and corpus. Region-specific analysis revealed that endofungal H. pylori-positive Candida isolates were present in 10.3% of patients from the antrum and 9.0% from the corpus. Molecular analysis further confirmed the presence of H. pylori virulence genes within yeast isolates. Our findings suggest that Candida species may serve as an intracellular reservoir for H. pylori, potentially contributing to persistence, and may play a role in treatment failure and recurrence.",Microbial pathogenesis,2026,10.1016/j.micpath.2026.108709,https://pubmed.ncbi.nlm.nih.gov/42457097/,2026-09-07T00:41:49.029521+00:00
42437153,Sarcina ventriculi: An incidental finding or a byproduct of a more concerning underlying disease?,"Sarcina ventriculi is a rare, acid-resistant, carbohydrate-fermenting, Gram-positive bacterium most often reported in the setting of delayed gastric emptying or gastric stasis and obstruction. Its clinical relevance is variable, ranging from incidental colonisation to potentially severe complications such as emphysematous gastritis and perforation. Diagnosis is typically suggested by the characteristic basophilic tetrads on routine hematoxylin-eosin staining. An 81-year-old male presented with a 3-month history of atypical epigastric pain, postprandial vomiting, and general deterioration. Initial laboratory evaluation showed severe anemia and an inflammatory response. Upper gastrointestinal endoscopy revealed a traversable ulcerated, exophytic antral lesion extending toward the greater curvature. Histopathology of multiple biopsies demonstrated a poorly differentiated gastric carcinoma with concomitant Helicobacter pylori infection and S ventriculi identified on hematoxylin-eosin slides. Contrast-enhanced CT confirmed a locally advanced antrum-pyloric tumor with nodal, hepatic, and peritoneal metastases T4N2M1 (according to the eighth edition of the AJCC TNM staging system). The patient received symptomatic management, Helicobacter pylori eradication therapy, and was referred for palliative oncologic care. He died shortly thereafter. The detection of S ventriculi on gastric biopsies should prompt clinicians to actively search for an underlying cause of gastric stasis or obstruction, including malignancy. Management should prioritise treatment of the precipitating condition. Antibiotic therapy for S ventriculi may be considered in symptomatic patients or when complications are suspected, and H pylori should be treated according to standard guideline-based regimens when present.",Radiology case reports,2026,10.1016/j.radcr.2026.06.057,https://pubmed.ncbi.nlm.nih.gov/42437153/,2026-09-07T00:41:49.029560+00:00
42372561,Prediction of efficacy and prognosis of PD‑1/PD‑L1 inhibitor combination chemotherapy for gastric cancer using an AI model based on dual‑energy CT: A multicenter study.,"The aim of this study was to evaluate the ability of dual-energy CT (DECT) quantitative parameters and radiomics to predict treatment efficacy and prognosis in gastric cancer patients receiving PD-1/PD-L1 inhibitor-based combination chemotherapy. This study enrolled a total of 344 patients with gastric adenocarcinoma, divided into training, validation, external-validation, and cross-platform validation sets. Based on the Immune Response Evaluation Criteria in Solid Tumors (iRECIST) for immunotherapy, patients were classified as responders or non-responders. Clinical features and qualitative and quantitative imaging biomarkers from conventional CT and DECT were evaluated. Five machine learning algorithms were used to integrate imaging biomarker models, independent clinical predictors, and DECT models. A logistic regression model was then constructed based on the integrated data. Model performance was assessed using receiver operating characteristic (ROC) analysis, calibration curves, decision curve analysis (DCA), and the IDI and NRI indices, with subgroup analysis performed to validate the model's generalizability. Kaplan-Meier (KM) survival analysis was conducted to evaluate the association between imaging biomarkers and progression-free survival (PFS) and overall survival (OS). The logistic regression model was identified as the optimal machine learning model, with AUCs of 0.827 (95% CI: 0.764-0.891), 0.803 (95% CI: 0.695-0.910), 0.775 (95% CI: 0.641-0.909), and 0.781 (95% CI: 0.614-0.948) across the four sets. No significant differences in AUC were observed between the training set and the other sets (DeLong test: P = 0.698, 0.488, and 0.646), indicating stable model performance. Calibration curves indicated good agreement between predicted and observed outcomes across all sets, with Hosmer-Lemeshow test P-values of 0.291, 0.162, 0.918, and 0.281 for the training, validation, test 1, and external test 2 sets, respectively. Brier scores (0.158-0.197) further confirmed high predictive accuracy. DCA showed positive net benefit across wide threshold ranges: 0.02-0.95 (training), 0.19-0.79 (validation), 0.04-0.66 (test 1), and 0.03-0.76 (external test 2). At a 50% threshold, net benefits were 0.160, 0.218, 0.120, and 0.314. Subgroup analyses confirmed robust generalizability (all P > 0.05). KM curves demonstrated that patients in the high-risk group had significantly worse OS and PFS compared with those in the low-risk group. Similarly, patients classified as non-responders by iRECIST had significantly poorer OS and PFS than responders (all P < 0.05, χ2 = 3.98-13.67). The DECT-based radiomics model can predict treatment response and prognosis in gastric cancer patients receiving immunotherapy combined with chemotherapy and support individualized treatment planning and optimization of therapeutic strategies.",European journal of radiology,2026,10.1016/j.ejrad.2026.113013,https://pubmed.ncbi.nlm.nih.gov/42372561/,2026-09-07T00:41:49.029620+00:00
42372557,Preoperative prediction of lymphovascular and perineural invasion in locally advanced gastric cancer via CT habitat analysis and deep learning: A dual-center study.,"To develop and validate a combined model integrating CT-based habitat analysis and deep learning (DL) features for the preoperative prediction of lymphovascular and perineural invasion (LVI/PNI) in locally advanced gastric cancer (LAGC). This dual-center, retrospective study included 611 LAGC patients divided into training (n = 374), internal validation (n = 161), and external validation (n = 76) cohorts. Radiomics and DL features were extracted from venous-phase CT images of the whole tumor to identify the optimal intratumoral signature. Additionally, K-means clustering was utilized to partition the tumors into distinct habitat subregions, from which DL features were extracted to select the optimal habitat signature. A combined model integrating the best intratumoral and habitat signatures with significant clinical factors was constructed via multivariate logistic regression and visualized as a nomogram. Performance was assessed using the area under the curve (AUC) and decision curve analysis (DCA). The DL signature and the whole tumor (WT) habitat signature demonstrated superior discriminatory ability. Consequently, the combined model-integrating the DL signature, habitat WT signature, cT stage, and histological grade-achieved favorable predictive efficacy, yielding numerical improvements in AUC performance across all cohorts. AUC values were 0.891, 0.866, and 0.815 for the training, internal validation, and external validation cohorts, respectively. DCA confirmed that the model provided substantial net clinical benefit. The proposed combined model provides a promising and clinically relevant tool for preoperative LVI/PNI risk assessment in LAGC, facilitating individualized treatment strategies.",European journal of radiology,2026,10.1016/j.ejrad.2026.113041,https://pubmed.ncbi.nlm.nih.gov/42372557/,2026-09-07T00:41:49.029666+00:00
42364327,Dynamic monitoring of circulating tumor cells and PD-L1 combined positive score as prognostic biomarkers for adjuvant immunochemotherapy in stage III gastric cancer: A prospective observational study.,"Patients with stage III gastric cancer (GC) face a high risk of recurrence after radical resection, and the significance of circulating tumor cells (CTCs) and Programmed death-ligand 1 (PD-L1) combined positive score (CPS) in adjuvant therapy remains unclear. In this prospective observational cohort study, we analyzed 76 stage III GC patients post-D2 resection who received either chemotherapy alone (n = 46) or immunochemotherapy (n = 30) based on clinical decision-making. CTCs levels at baseline and after 6 treatment cycles were assessed using a folate receptor-based qPCR assay, while PD-L1 CPS was evaluated via immunohistochemistry. We also analyzed the time difference between CTCs elevation and radiological relapse. Although a single baseline CTCs lacked independent prognostic value, dynamic increases in CTCs during treatment served as an independent predictor of disease-free survival (DFS) and overall survival (OS) in GC patients (P = 0.019, P = 0.013). Notably, elevated CTCs significantly preceded radiographic recurrence confirmation by a median of 284.5 days (P < 0.001). In the immunochemotherapy cohort, PD-L1 CPS ≥ 5, but not CPS ≥ 1, might help identify patients with greater DFS and OS benefits (P = 0.038, P = 0.023). Dynamic monitoring of CTCs serves as a sensitive early-warning tool for recurrence and an independent prognostic indicator for DFS in stage III GC. Furthermore, a PD-L1 CPS threshold of ≥5 may help stratify candidates for adjuvant immunotherapy, though OS findings are exploratory pending validation in larger cohorts. This study confirms the clinical value of dynamic CTCs monitoring in prognostic assessment and early recurrence warning, as well as the potential significance of PD-L1 CPS in guiding patient selection for adjuvant immunotherapy in stage III GC.",International immunopharmacology,2026,10.1016/j.intimp.2026.117070,https://pubmed.ncbi.nlm.nih.gov/42364327/,2026-09-07T00:41:49.029723+00:00
42285190,ARTN drives ABCB1-mediated chemoresistance in gastric cancer cells by promoting ELK4 phosphorylation.,"Chemoresistance is the primary hindrance to effective gastric cancer (GC) treatment. Artemin (ARTN) exerts oncogenic roles in various malignancies (including GC), yet its involvement in GC chemoresistance remains unelucidated. This work sought to clarify the function of ARTN and the mechanism in GC chemoresistance. ARTN expression was detected via qPCR and western blotting. The functions of ARTN in GC chemoresistance were evaluated in vitro by CCK-8, apoptosis, and colony formation assays, which were also determined in vivo using a xenograft mouse model. Immunohistochemistry was adopted to measure Ki67 (a marker of proliferation) and cleaved caspase 3 (a marker of apoptosis) in tumor tissues. ELK4 phosphorylation was assessed through immunoprecipitation and western blotting. ChIP-qPCR was employed to determine the binding of ELK4 and ABCB1. ARTN was aberrantly upregulated in GC cells, particularly in chemo-resistant GC cells; its knockdown efficaciously sensitized chemo-resistant GC cells to 5-fluorouracil (5-FU), reduced proliferation, and enhanced apoptosis. In vivo, ARTN deficiency restrained tumor growth in chemo-resistant xenograft mice under 5-FU treatment, with downregulated Ki67 and upregulated cleaved caspase 3 in tumor tissues. Molecular mechanism experiments revealed that ARTN facilitated ELK4 phosphorylation and increase ABCB1 expression in GC cells by activating KRAS/ERK signaling. Crucially, ARTN overexpression impaired GC cell sensitivity to 5-FU in vitro, which was abrogated by ELK4 or ABCB1 knockdown. ARTN promotes GC chemoresistance by upregulating ABCB1 expression via modulating ELK4 phosphorylation, offering a likely therapeutic approach to reverse GC chemoresistance.",Cellular signalling,2026,10.1016/j.cellsig.2026.112668,https://pubmed.ncbi.nlm.nih.gov/42285190/,2026-09-07T00:41:49.029764+00:00
42269536,Clinicopathological and prognostic significance of immune-related PD-L1 expression in locally advanced gastric cancer with HER2-low expression.,"Gastric cancer (GC) is a highly invasive and heterogeneous malignant tumor. HER2-low GC is considered a biologically and clinically important intermediate subtype. Clarifying its clinicopathological features, genetic alterations, and tumor immune microenvironment is critical for improving clinical management. This study retrospectively enrolled 576 patients with HER2-non-amplified locally advanced GC(LAGC) who underwent surgical resection between January 2017 and December 2019. Patients were classified into HER2-low and HER2-zero groups using immunohistochemistry and in situ hybridization. Based on the Asian Cancer Research Group (ACRG) classification and PD-L1 expression, we analyzed the associations of HER2-low status with clinicopathological features, PD-L1 expression, and prognosis using Kaplan-Meier and Cox regression. Among 576 patients, 268 (46.53%) were HER2-low. HER2-low was more frequent in tumors ≤ 4.61 cm and intestinal-type GC (p < 0.001). PD-L1 positive rate was 49.65%, correlated with pN stage, vascular invasion, and ACRG subtype (p < 0.05). HER2-low tumors showed significantly higher PD-L1 positivity (p < 0.001). Independent prognostic factors for 5-year overall survival included tumor invasion depth, lymph node metastasis, and TNM stage (p < 0.001). HER2-low GC helps refine GC classification and is associated with higher PD-L1 expression, supporting immunotherapy strategies. Further research is needed to explore its clinical and therapeutic value in personalized precision treatment.","Pathology, research and practice",2026,10.1016/j.prp.2026.156583,https://pubmed.ncbi.nlm.nih.gov/42269536/,2026-09-07T00:41:49.029807+00:00
42266015,Plasma PlGF as a Potential Biomarker in Ramucirumab-Based Second-Line Therapy for Advanced Gastroesophageal Adenocarcinoma: Exploratory Biomarker Analysis from the Phase II Part of the RAMIRIS Trial.,"Antiangiogenic treatment with ramucirumab (RAM) is a standard second-line option in advanced gastric and gastroesophageal junction (GEJ) adenocarcinoma. However, reliable biomarkers are lacking. The phase II RAMIRIS trial compared RAM plus paclitaxel with RAM plus FOLFIRI (5-fluororuracil, leucovorin and irinotecan) in this setting. We present the exploratory biomarker analysis evaluating placental growth factor (PlGF), carbonic anhydrase IX (CAIX), and tryptase. Plasma samples from 99 patients enrolled in RAMIRIS were collected at predefined timepoints (baseline, Cycle 2 Day 1, and Cycle 4 Day 1). PlGF, CAIX, and tryptase were quantified by ELISA. Associations with progression-free survival (PFS) and overall survival (OS) were analyzed using dichotomized biomarker levels and Cox regression models. PlGF levels increased substantially under treatment, whereas CAIX showed a transient rise, followed by a slight decline, and tryptase remained stable. Elevated PlGF levels at baseline and early-treatment (c2d1) were associated with shorter OS in univariate analysis (baseline HRu = 1.75; p = 0.020; c2d1 HRu = 1.69; p = 0.054). After multivariate adjustment, the association remained directionally consistent; although statistical support was retained only for c2d1 (baseline HRm = 1.41, p = 0.198; c2d1 HRm = 1.85, p = 0.030). CAIX and tryptase showed no consistent associations with survival. Elevated PlGF-particularly its early increase during RAM-based therapy-was associated with shortened survival and may represent a dynamic marker of unfavorable prognosis in advanced gastric/GEJ adenocarcinoma. Given the exploratory nature of this analysis, these findings should be considered hypothesis-generating and require validation in independent biomarker-driven studies.",International journal of cancer,2026,10.1002/ijc.70567,https://pubmed.ncbi.nlm.nih.gov/42266015/,2026-09-07T00:41:49.029853+00:00
42263889,WTAP-mediated m6A modification of UBE2K drives the malignant progression of gastric cancer.,"Gastric cancer (GC) remains one of the leading causes of cancer-related mortality worldwide. Ubiquitin-conjugating enzyme E2 K (UBE2K), defined as an E2, is involved in various cellular processes. N6-methyladenosine (m6A) is one of the most abundant subtypes of RNA modifications. However, the systematic role of UBE2K and whether UBE2K undergoes an m6A modification in GC remain unknown. The expression and prognosis of UBE2K in GC were analyzed through an online database. RT-qPCR, western blot and IHC were used to test the expression of UBE2K in GC tissues and cells. CCK-8, colony formation, transwell, wound healing and sphere formation assays were conducted to explore UBE2K's function in vitro. The subcutaneous mouse model was generated to validate UBE2K's role in tumorigenesis. RNA immunoprecipitation and RNA stability experiment were applied to investigate the molecular mechanism of UBE2K. Higher expression of UBE2K was found in GC tissues and predicted worse prognosis. UBE2K knockdown suppressed the malignant progression of GC cells both in vitro and in vivo. Mechanistically, we found that UBE2K was regulated by m6A modification. WTAP was further revealed as the m6A writer of UBE2K to enhance UBE2K RNA stability. Finally, functional rescue experiments showed that silencing WTAP reversed the oncogenic effects of UBE2K overexpression on GC cells, whereas WTAP attenuated the suppression of GC cells induced by UBE2K knockdown. Our findings indicate WTAP-mediated m6A modification upregulates UBE2K and the WTAP/UBE2K axis facilitates GC progression, suggesting a potential therapeutic target for GC treatment.",Biochimica et biophysica acta. Molecular basis of disease,2026,10.1016/j.bbadis.2026.168318,https://pubmed.ncbi.nlm.nih.gov/42263889/,2026-09-07T00:41:49.029894+00:00
42225858,"ANGPTL1 Inhibits the Growth, Migration, and Angiogenesis of Gastric Cancer Cells by Downregulating VEGFA Expression.","Gastric cancer (GC) remains one of the most common malignant tumors worldwide, with high incidence and mortality rates. Angiopoietin-like protein 1 (ANGPTL1), a member of the ANGPTL family, is known to function as an anti-angiogenic factor and tumor suppressor. However, its role and underlying mechanisms in GC development have not been investigated and require further investigation. Protein expression levels were analyzed using western blotting and immunofluorescence (IF) assays. Cell viability was assessed using the CCK-8 assay, and cell proliferation was evaluated through colony formation assays. Cell migration and invasion were examined using Transwell assays. Angiogenic capacity was determined through tube formation assays. The VEGFA mRNA expression was detected through RT-qPCR. The level of VEGFA was confirmed through ELISA. The tumor size, volume and weight were confirmed through the in vivo assay. The CD31 protein expression was verified though IHC assay. ANGPTL1 was found to be expressed at lower levels in GC cells, and negatively correlated with VEGFA. ANGPTL1 significantly inhibited GC cell proliferation, migration, and invasion. Furthermore, ANGPTL1 suppressed angiogenesis in vitro. Mechanistically, it was observed that ANGPTL1 overexpression reduced VEGFA expression, and ANGPTL1 can interact with VEGFA. Importantly, reintroduction of VEGFA reversed the inhibitory effects of ANGPTL1 on GC progression. Lastly, VEGFA overexpression retarded the tumor growth in vivo. This study demonstrates that ANGPTL1 inhibits the growth, migration, and angiogenesis of GC cells by downregulating VEGFA expression. These findings suggest that ANGPTL1 may serve as a promising therapeutic target for gastric cancer treatment.",Biochemical genetics,2026,10.1007/s10528-026-11406-1,https://pubmed.ncbi.nlm.nih.gov/42225858/,2026-09-07T00:41:49.029931+00:00
42208360,CBLC inhibits ferroptosis of gastric cancer cells by inducing K48-linked polyubiquitination and degradation of SH2D4A.,"Gastric cancer (GC) is a leading cause of cancer-related mortality globally, and elucidating the molecular drivers of its progression is essential for therapy development. The E3 ubiquitin ligase CBLC has been implicated in tumorigenesis, yet its role in GC remains undefined. CBLC expression was assessed in GC tissues and cell lines using RT-qPCR and western blot assays. The influences of CBLC on cell proliferation, migration, invasion, ferroptosis, and tumor growth were evaluated using in vitro assays, in vivo xenograft models, and rescue experiments with the ferroptosis inhibitor fer-1. Co-IP and ubiquitination assays were utilized to probe the molecular mechanisms involving CBLC. CBLC level was visibly enhanced in GC tissues and cell lines. CBLC depletion curtailed GC cell proliferation, migration, and invasion in vitro and triggered ferroptosis, while also restraining tumor growth/metastasis in vivo. Fer-1 treatment reversed the tumor-suppressive effects induced by CBLC knockdown, confirming the involvement of ferroptosis. Mechanistically, CBLC promoted K48-linked polyubiquitination and proteasomal degradation of SH2D4A. Restoration of SH2D4A expression abrogated the oncogenic effects of CBLC overexpression, highlighting the CBLC/SH2D4A axis in GC progression. CBLC facilitated GC progression by promoting SH2D4A degradation and suppressing ferroptosis. Targeting the CBLC/SH2D4A axis may provide a potential therapeutic strategy for GC treatment.","Pathology, research and practice",2026,10.1016/j.prp.2026.156526,https://pubmed.ncbi.nlm.nih.gov/42208360/,2026-09-07T00:41:49.029969+00:00
42186155,"Comments on ""Prior Immunotherapy Enhances Survival Outcomes of Third-Line Apatinib Treatment in Advanced Gastric Cancer: A Retrospective Cohort Study"".",,International journal of cancer,2026,10.1002/ijc.70568,https://pubmed.ncbi.nlm.nih.gov/42186155/,2026-09-07T00:41:49.029991+00:00
42068630,Integrative multi-omics analysis identifies stromal-immune crosstalk as a determinant of immunotherapy efficacy and establishes a prognostic signature in gastric cancer.,"Immune checkpoint inhibitors like pembrolizumab exhibit variable efficacy in metastatic gastric cancer (GC). This study aimed to identify molecular drivers of pembrolizumab response, explore mechanisms of immune checkpoint inhibitors (ICIs) efficacy, and develop a prognostic signature. Transcriptomic analysis of pembrolizumab-treated GC (TIGER database) identified 165 response-associated differentially expressed genes (DEGs). Functional annotation and single-cell RNA sequencing (scRNA-seq) data from the Gene Expression Omnibus (GEO) revealed that responder-upregulated genes (R-DEGs) were enriched in immune activation pathways and mainly localized to CD8 + T/NK cells. In contrast, non-responder-upregulated genes (D-DEGs) were linked to extracellular matrix (ECM) remodeling and mainly expressed in fibroblasts/endothelial cells. CellChat analysis demonstrated that key DEGs mediate immune-stromal crosstalk via MHC-I and collagen/laminin signaling. A prognostic signature (Lasso-StepCox[forward] Riskscore; LSR: APOD, APOH, BATF2, GJA1, MAGED1, SLC5A1, SLCO2A1, VWF, VCAN) was derived and validated in four independent GC cohorts from the GEO and Cancer Genome Atlas (TCGA) database. Multi-omics analyses showed that LSR-high tumors exhibited aggressive clinicopathological features, increased stromal components, reduced cytotoxic immune infiltration, diminished tumor mutational burden (TMB), and poorer prognosis. Immunohistochemistry (IHC) and spatial transcriptomics in GC showed that stromal VWF/VCAN expression correlates with reduced CD8⁺ T cell granzyme B expression, suggesting T cell dysfunction. High VWF expression in GC predicted poor survival, and a combined VWF/VCAN score showed enhanced prognostic stratification. This study highlights stromal-immune crosstalk as a driver of pembrolizumab resistance and provides a signature as a clinical tool for prognosis and personalized therapy in metastatic GC.",Computational biology and chemistry,2026,10.1016/j.compbiolchem.2026.109095,https://pubmed.ncbi.nlm.nih.gov/42068630/,2026-09-07T00:41:49.030036+00:00
42033901,Vitamin D3 in synergy with triple therapy to eradicate Helicobacter pylori infection in mice via the c-Raf/MEK/ERK pathway.,"Helicobacter pylori (H. pylori) is a primary pathogen associated with gastritis, peptic ulcers, and gastric cancer. Current eradication therapies are increasingly compromised by antibiotic resistance. Vitamin D3 (VD3) has shown potential as an adjunct therapy, yet its underlying mechanism remains unclear. This study evaluated the efficacy of VD3 combined with triple therapy on H. pylori eradication in mice, assessing pathological changes, infection and inflammation levels and epithelial cell death; furthermore, it explored the mechanism of the synergistic effect. An in vivo model was inoculated with H. pylori to establish in mice. After four weeks, mice were treated with VD3, triple therapy, quadruple therapy (omeprazole, amoxicillin, clarithromycin and bismuth potassium citrate), or their combinations for another four weeks. Hematoxylin and Eosin (H&E) staining, quantitative real-time PCR, colony formation, immunoblotting, enzyme-linked immunosorbent assay (ELISA), TUNEL staining, and caspase activity assays were used to evaluate the effect of VD3. Compared to triple therapy alone, the combination of VD3 and triple therapy reduced gastritis severity, H. pylori 16S rDNA expression, and bacterial colony counts in infected mice. It also decreased mRNA and protein levels of inflammatory cytokines IL-1β, IL-6, and TNF-α, reduced gastric epithelial cell apoptosis, and suppressed caspase-3/6/9 activities. VD3 treatment further enhanced c-Raf, MEK, and ERK phosphorylation in gastric tissues. Importantly, the ERK inhibitor U0126 abrogated the therapeutic benefits of VD3 combined with triple therapy, leading to increased gastritis severity, H. pylori 16S rDNA expression, bacterial colony counts, and caspase activity. Vitamin D3 synergizes with triple therapy to eradicate H. pylori infection by exhibiting antibacterial, anti-inflammatory, and cytoprotective effects through regulation of the c-Raf/MEK/ERK signaling pathway.",Tissue & cell,2026,10.1016/j.tice.2026.103551,https://pubmed.ncbi.nlm.nih.gov/42033901/,2026-09-07T00:41:49.030085+00:00
42567001,Single-cell transcriptomics reveals CD8 + T-cell heterogeneity linked to immunotherapy response in gastric cancer.,"Immune checkpoint blockade elicits durable responses in a subset of patients with gastric cancer, yet the cellular programs underlying therapeutic divergence remain unclear. Using integrative single-cell transcriptomics of tumors from Immune Checkpoint Inhibitor (ICI)-treated patients, we resolved the CD8 + T-cell landscape associated with response. Therapeutic outcome reflected not only differences in state abundance but also functional reprogramming within shared states. Trajectory analysis revealed bifurcation of naïve CD8 + T cells into effector and exhaustion-prone branches that were differentially enriched between responders and non-responders. Inference of transcription factor activity revealed lineage-specific modules associated with these divergent fates. Further modeling of ligand-receptor pairs uncovered how signaling between myeloid and T cells changes during different responses. Together, these findings delineate a regulatory and intercellular framework characterizing CD8 + T-cell differentiation in gastric cancer and illuminate mechanisms of immune-state divergence during immunotherapy.",Biochemical and biophysical research communications,2026,10.1016/j.bbrc.2026.154385,https://pubmed.ncbi.nlm.nih.gov/42567001/,2026-09-07T00:41:49.030123+00:00
42602300,ICAM1-targeted costimulation extends HER2 CAR T cytotoxicity to HER2-low and HER2-negative tumors through synergy with TCR signaling.,"Autologous T cells engineered to express a HER2 chimeric antigen receptor (CAR) have shown limited clinical efficacy. To broaden antitumor activity, we co-expressed a chimeric costimulatory receptor (CCR) targeting ICAM1 (ICCR) in HER2 CAR T cells. ICAM1 is upregulated by inflammatory cytokines, reinforces immune-synapse formation, and is elevated in aggressive or dedifferentiated tumors, including those with heterogeneous or low HER2 expression. HER2 CAR/ICCR T cells preserved potent cytotoxicity against HER2-high targets and showed significantly enhanced killing of HER2-low cell lines compared with HER2 CAR T cells alone. ICCR augmented NF-κB activation particularly under low HER2 conditions. Upon repeated stimulation with HER2-negative tumor cells, HER2 CAR/ICCR T cells underwent nearly 10-fold expansion with superior cytotoxicity, whereas HER2 CAR T cells failed to expand. In vivo, both constructs rapidly eliminated HER2-high tumors, but only HER2 CAR/ICCR T cells achieved complete clearance of HER2-low tumors, with delayed kinetics consistent with clonally expanded, tumor-specific T cells. TCR sequencing confirmed substantially greater clonal expansion in HER2 CAR/ICCR T cells across in vivo and in vitro studies. This dual-receptor platform (HMJ01) has supported IND authorization for a first-in-human trial in patients with HER2-positive and HER2-low gastric cancer.",Molecular therapy. Oncology,2026,10.1016/j.omton.2026.201307,https://pubmed.ncbi.nlm.nih.gov/42602300/,2026-09-07T00:41:49.030166+00:00
42440454,Intraperitoneal delivery of the oncolytic virus CF17 improves tumor immunogenicity and survival in gastric cancer peritoneal metastasis.,"Peritoneal metastasis (PM) is the leading cause of treatment failure and death from gastric cancer (GC). We evaluated the antitumor and immunogenic effects of CF17, an oncolytic chimeric orthopoxvirus, in a novel syngeneic mouse model of GCPM. CF17 was tested in mouse GC cell lines (ACKPY3944 and ACKPY4113) for viral replication and cytotoxicity. A syngeneic mouse model of PM was established in C57BL/6 mice via intraperitoneal (IP) implantation of 1 × 106 ACKPY3944-ffluc cells. Mice were treated with either IP CF17 or PBS. Peritoneal tumor burden was monitored by bioluminescence imaging. Immune profiles of peritoneal washings and tumors were assessed by flow cytometry and immunohistochemistry. CF17 infected, replicated in, and killed ACKPY3944 and ACKPY4113 cells in vitro. Mice treated with IP CF17 showed a significant decrease in tumor burden (p < 0.05) and prolonged survival (p < 0.001). CF17 treatment significantly enhanced leukocyte infiltration, including CD4+ and CD8+ cells, into the tumor microenvironment of the peritoneal cavities and solid tumors. Overall, these results demonstrate that CF17 has potent anti-tumor activity and immunogenicity in a syngeneic mouse model of GCPM. These data provide a framework to support future studies to optimize CF17-based immunotherapeutic approaches for GCPM.",Molecular therapy. Oncology,2026,10.1016/j.omton.2026.201266,https://pubmed.ncbi.nlm.nih.gov/42440454/,2026-09-07T00:41:49.030208+00:00
42177968,Harnessing extracellular vesicles for gastric cancer management: Biomarker discovery and therapeutic strategies.,"Extracellular vesicles (EVs) have emerged as pivotal mediators of intercellular communication in gastric cancer (GC), functioning as both pathogenic drivers and promising therapeutic tools. Tumor-derived EVs (TEVs) actively remodel the tumor microenvironment by promoting immune evasion, metastasis, angiogenesis, and therapy resistance, largely through the transfer of oncogenic proteins and non-coding RNAs such as miR-21 and circSMARCC1. In contrast, EVs from mesenchymal stromal cells and immune cells offer opportunities for innovative therapeutic strategies, including targeted drug delivery, immune modulation, and gene-silencing approaches such as anti-PD-L1 small interfering RNA (siRNA) delivery. EVs also hold substantial promise as non-invasive biomarkers, with exosomal ncRNAs, proteins, and DNA methylation signatures demonstrating superior diagnostic and prognostic performance compared to traditional serum markers. Despite these advances, challenges persist in standardizing EV isolation, scaling manufacturing, ensuring quality control, and navigating regulatory pathways. This narrative review synthesizes current insights into the dualistic roles of EVs in GC pathogenesis, diagnostics, and therapeutics, highlighting their transformative potential while underscoring the critical barriers that must be addressed to enable clinical translation. As EV-based technologies evolve, they offer a compelling foundation for precision oncology and integrated theranostic strategies in gastric cancer management.",Clinica chimica acta; international journal of clinical chemistry,2026,10.1016/j.cca.2026.121098,https://pubmed.ncbi.nlm.nih.gov/42177968/,2026-09-07T00:41:49.030259+00:00
42008939,Targeted catalytic eradication of antibiotic-resistant Helicobacter pylori by a pH-activated Fe-doped nanozyme.,"The increasing prevalence of antibiotic-resistant Helicobacter pylori (R-H. pylori) poses a significant clinical challenge, contributing to persistent gastritis, peptic ulcers, and gastric cancer. Conventional antibiotic therapies are increasingly limited by resistance, incomplete eradication, and disruption of the gut microbiota. To address these challenges, we developed pH-responsive iron-doped ammonium citrate carbon dots (Fe-CDs), a nanozyme with intrinsic specificity for targeting and eradicating R-H. pylori within the acidic gastric microenvironment. Fe-CDs exhibit dual oxidase (OXD)- and peroxidase (POD)-like catalytic activities that are selectively activated under acidic conditions, driving the localized generation of reactive oxygen species (ROS) via Fenton and Fenton-like reactions involving Fe(II) and endogenous hydrogen peroxide (H₂O₂). The nanozyme shows strong binding affinity for H. pylori through ammonium (NH4+)-mediated interactions and specifically targets Urel, thereby inhibiting urease activity and disrupting bacterial acid resistance. This dual mechanism-acid-enhanced ROS production combined with urease suppression-confers potent bactericidal effects against R-H. pylori while preserving commensal microbiota and minimizing off-target damage. Transcriptomic analysis of infected gastric tissue revealed that Fe-CDs induce ROS-mediated stress pathways and metabolic disruption in H. pylori. In vivo studies confirmed that Fe-CDs significantly reduce bacterial load in R-H. pylori-infected mice with negligible toxicity. These findings highlight Fe-CDs as a targeted, antibiotic-free therapeutic strategy for resistant gastric infections and offer a promising alternative to conventional treatments.",Journal of colloid and interface science,2026,10.1016/j.jcis.2026.140494,https://pubmed.ncbi.nlm.nih.gov/42008939/,2026-09-07T00:41:49.030309+00:00
42700924,Malnutrition Universal Screening Tool is not sufficiently valid in screening for risk of malnutrition in patients with newly diagnosed esophago-gastric cancer: a validation study compared with Patient-Generated Subjective Global Assessment.,"Malnutrition is prevalent in patients with esophago-gastric cancer and is associated with poorer outcomes. Malnutrition screening tools are used to screen for risk of malnutrition and to determine whether full nutritional assessment is required. The optimal malnutrition screening tool to use in esophago-gastric cancer is unknown. To assess the validity of the Malnutrition Universal Screening Tool (MUST) in esophago-gastric cancer by measurement of its sensitivity, specificity, positive and negative predictive values for detecting risk of malnutrition. A validation study comparing MUST with full malnutrition assessment using Patient-Generated Subjective Global Assessment (PG-SGA) as the reference standard. /setting. 80 patients with newly diagnosed esophago-gastric cancer awaiting radical treatment at an oncology specialist hospital (Royal Marsden NHS Foundation Trust, London, United Kingdom) were recruited between December 2011 and June 2013. Validity (accuracy) of MUST compared with PG-SGA as a reference method. Association of individual MUST features (BMI, percent weight loss) with PG-SGA score. Sensitivity, specificity, positive predictive value (PPV) and negative predictive value (NPV) of MUST compared with PG-SGA. Spearman's rank correlation (ρ) between BMI and percentage weight loss with PG-SGA score. MUST was found to have agreement with PG-SGA in 53/80 (66.3%) patients, misclassifying 19 (23.8%) patients as being at low risk of malnutrition when they were not and 8 (10%) at risk when they were not. MUST demonstrated a sensitivity of 61.2% (95% CI: 46.2-74.8%) and a specificity of 74.2% (95% CI: 55.4-88.1%). PPV for MUST was 78.9% (95% CI: 66.5-87.6%) and NPV was 54.8% (95% CI: 44.6-64.6%). Lower BMI was weakly associated with higher PG-SGA score (correlation -0.259, p=0.021) while greater percentage weight loss was moderately associated with higher PG-SGA score (correlation +0.653, p< 0.001). MUST did not meet a priori criteria (sensitivity and specificity ≥70%) for validation against PG-SGA. MUST is unlikely to be an appropriate malnutrition screening tool in patients with newly diagnosed esophago-gastric cancer.",Journal of the Academy of Nutrition and Dietetics,2026,10.1016/j.jand.2026.156874,https://pubmed.ncbi.nlm.nih.gov/42700924/,2026-09-07T00:41:49.030364+00:00
42700341,Exploration and experimental verification of triaptosis-related prognostic genes and cells in gastric cancer.,"Triaptosis is a recently characterized form of programmed cell death with unclear implications in cancer. This study aimed to investigate the prognostic significance and biological relevance of triaptosis in gastric cancer (GC). Transcriptomic and clinical data from TCGA-STAD and GSE62254, and single-cell RNA sequencing data from GSE183904 were analyzed. Triaptosis-related gene (TRG) scores were calculated using single-sample gene set enrichment analysis. Differentially expressed genes identified in TRG-score and GC-versus-normal comparisons underwent functional enrichment, Cox regression, and least absolute shrinkage and selection operator regression to develop an externally validated signature. Immune profiles, pathway activity, somatic mutations, tumor mutational burden (TMB), predicted drug sensitivity, and clinical features were compared by risk group. Single-cell analyses assessed TRG activity, prognostic gene expression, cell-cell communication, and pseudotime. Reverse transcription-quantitative PCR and Western blotting assessed mRNA expression and protein levels, respectively. A TRG-based prognostic model comprising ASPN, GRB14, and VTN was developed and externally validated, effectively distinguishing patients into two distinct risk groups with notably different survival outcomes. mRNA expression of all three genes and their protein levels were significantly higher in SGC-7901 cells than in GES-1 cells. High-risk patients had higher stromal scores and distinct immune profiles; 15 immune cell types differed between groups. Single-cell analysis revealed fibroblasts and pericytes among high-TRG-active cell types. Prognostic genes were significantly overexpressed in fibroblasts, which also showed high TRG activity. Fibroblasts demonstrated enhanced communication with pericytes, whereas tumor-derived fibroblasts showed weaker communication with macrophages, indicating immune microenvironment remodeling. The three-gene prognostic signature predicted GC prognosis and was associated with distinct immune and genomic features, suggesting potential value for risk stratification and personalized treatment.",Molecular biology reports,2026,10.1007/s11033-026-12704-y,https://pubmed.ncbi.nlm.nih.gov/42700341/,2026-09-07T00:41:49.030409+00:00
42150410,Synthesis and biological evaluation of mixed aryl-alkyl succinates as modulators of autophagy and apoptosis in gastric carcinoma.,"Vitamin E succinate and its derivatives have demonstrated encouraging cytotoxic potential in preclinical models of gastric cancer, paving the way for a novel class of therapeutics. Building on a previously described synthetic methodology based on the alkoxy-aryloxycarbonylation of alkenes, this study reports the investigation of the antitumor effects in gastric cancer models of mixed aryl-alkyl succinates esters featuring various substituents on the backbone. Nine compounds were screened for cytotoxicity against AGS and KATO III gastric cancer cell lines. The most active compounds - 2d (R = (CH2)4CH3), 2a (R = Ph), and 2c (R = CH2CH2Ph) - were further evaluated for efficacy, with 2d emerging as the most potent agent (IC50 30.9 μM in AGS; IC50 19 μM in KATO III). Mechanistically, 2d enhanced the expression of activated/cleaved Caspase-3, augmented PARP cleavage, and promoted LC3B lipidation - indicative of programmed cell death. Consistently, ultrastructural analysis of 2d-treated cancer cells revealed morphological hallmarks of both early and late apoptosis, including cytoplasmic vacuolization and autophagic vacuoles. Conversely, treatment with compound 2d did not affect the expression of apoptosis markers in healthy GES-1 gastric epithelial cells, suggesting a favorable safety profile. Overall, our findings provide insights into how specific structural features of succinate derivatives contribute to their antitumor activity, laying the groundwork for the design of more potent succinate-based agents.",Bioorganic chemistry,2026,10.1016/j.bioorg.2026.109997,https://pubmed.ncbi.nlm.nih.gov/42150410/,2026-09-07T00:41:49.030456+00:00
42700072,Gastric perforation repaired by hepatic round ligament: Case report and literature review.,"Gastric perforation is a rare but life-threatening complication of gastric cancer, often presenting with acute peritonitis and requiring emergent surgical repair. The conventional treatment relies on an omental patch (Graham's technique); however, this approach is not always feasible, particularly in patients with advanced disease or omental involvement. We report the case of a 44-year-old male with advanced gastric adenocarcinoma complicated by peritoneal carcinomatosis who presented with acute abdomen following stent insertion. Imaging confirmed gastric perforation and generalized peritonitis. During emergent laparoscopic exploration, the omentum was unsuitable due to carcinomatous infiltration. Instead, the hepatic round ligament was mobilized and used as a patch to seal the perforation, achieving effective closure. The patient initially recovered well postoperatively; however, he later deteriorated due to progression of his underlying malignancy and died on postoperative day 16. This case highlights the hepatic round ligament as a viable alternative to the omentum in repairing gastric perforations, particularly in malignant or hostile abdominal environments. Wider application of this technique warrants further study to establish its safety and long-term outcomes.",Medicine,2026,10.1097/MD.0000000000050482,https://pubmed.ncbi.nlm.nih.gov/42700072/,2026-09-07T00:41:49.030493+00:00
42697937,PD-L1 expression and survival in unresectable/recurrent gastric cancer treated by 1st-line treatment without immune checkpoint inhibitors: JCOG1013A1.,"The prognostic significance of PD-L1 expression in unresectable/recurrent gastric cancer treated by first-line chemotherapy without an immune checkpoint inhibitor (ICI) remains unclear. The phase III trial JCOG1013 demonstrated no overall survival (OS) or progression-free survival (PFS) benefit of docetaxel/cisplatin/S-1 over cisplatin/S-1. This ancillary analysis of JCOG 1013 evaluated the prognostic value of PD-L1 expression. PD-L1 expression was assessed in pretreatment tumor specimens using the Dako 28-8 pharmDx assay. Combined positive score (CPS) and tumor proportion score (TPS) were calculated. PD-L1 positivity was defined as CPS ≥ 5 or TPS ≥ 1%. Univariable and multivariable analyses were performed for OS and PFS. Among 741 patients enrolled in JCOG1013, 540 patients were included. In univariable analyses, neither CPS ≥ 5 nor TPS ≥ 1% was significantly associated with OS or PFS. In multivariable analyses, CPS ≥ 5 was not significantly associated with OS (HR 0.86, 95% CI 0.71-1.04; p = 0.127) or PFS (HR 0.92, 95% CI 0.77-1.11; p = 0.392); however, TPS ≥ 1% was significantly associated with longer OS (HR 0.78, 95% CI 0.62-0.97; p = 0.028) and PFS (HR 0.76, 95% CI 0.62-0.94; p = 0.012). TPS ≥ 1% is an independent favorable prognostic factor for survival in patients with unresectable/recurrent gastric cancer receiving chemotherapy alone. UMIN000007652.",British journal of cancer,2026,10.1038/s41416-026-03607-7,https://pubmed.ncbi.nlm.nih.gov/42697937/,2026-09-07T00:41:49.030541+00:00
42696465,Mid- to Long-Term Effects on Body Composition Following Minimally Invasive Gastrectomy for Gastric Cancer.,"With advances in surgical treatment for gastric cancer and improvements in long-term prognosis, increasing attention has been directed toward late nutritional complications. This retrospective study focused on body composition as an indicator of nutritional status, aiming to elucidate mid- to long-term changes following minimally invasive gastrectomy (MIG). A total of 102 3-year cancer survivors who underwent curative laparoscopic or robotic gastrectomy were included. Body composition indices, including subcutaneous fat, visceral fat, and skeletal muscle, were calculated using multidetector computed tomography images. All indices decreased relative to preoperative levels and remained lower during long-term postoperative follow-up. The reduction was more pronounced during the mid-term period. Although the body fat indices demonstrated a slight trend toward recovery, skeletal muscle showed persistently reduced levels in the long term. Multiple regression analysis revealed that only total gastrectomy (MITG) was identified as an independent predictor of reductions in all indices (all P < 0.01). When stratified by the extent of gastrectomy, the postoperative values of all indices were lower in the MITG group than in the distal gastrectomy group. To address late nutritional complications following MIG, particular attention should be paid to the mid-postoperative period, when nutritional status reaches its lowest point, as well as to patients undergoing MITG.",Nutrition and cancer,2026,10.1080/01635581.2026.2728052,https://pubmed.ncbi.nlm.nih.gov/42696465/,2026-09-07T00:41:49.030581+00:00
42693810,Robotic-assisted versus laparoscopic gastrectomy in a low-incidence Nordic country: A single-center retrospective study.,"Robotic-assisted gastrectomy is increasingly used in the treatment of gastric cancer, but the evidence on outcomes in Western low-volume centers remains limited. We aimed to evaluate the surgical and oncological outcomes during implementation of robotic-assisted gastrectomy in a university hospital in Norway and to compare outcomes with laparoscopic-assisted gastrectomy. All patients undergoing curative-intent resection for gastric adenocarcinoma at Oslo University Hospital with either robotic-assisted gastrectomy or laparoscopic-assisted gastrectomy from November 2018 to December 2025 were included in this retrospective cohort study. Laparoscopic-assisted gastrectomy was introduced at the center in 2015 and robotic-assisted gastrectomy in 2018. During the study period, two surgeons received training in laparoscopic-assisted gastrectomy, while robotic-assisted gastrectomy was implemented with sequential training of five surgeons. The main outcome was textbook outcome, defined as no serious complications, R0 resection, no conversion to open surgery, at least 15 lymph nodes in the specimen, and no 30-day mortality or readmission. Secondary outcomes included R0 resection, number of lymph nodes, serious complications, anastomotic leakage, procedure time and overall survival. During the study period, there were 136 attempted robotic-assisted gastrectomies and 134 attempted laparoscopic-assisted gastrectomies, of which 108 (79%) and 104 (78%) were completed (p = 0.72). The overall distribution of tumor location differed between the robotic-assisted gastrectomy and laparoscopic-assisted gastrectomy groups (p = 0.03). Otherwise, the groups were comparable for the assessed baseline characteristics. Textbook outcome was achieved in 54/108 (50%) robotic-assisted gastrectomy and 55/104 (53%) laparoscopic-assisted gastrectomy procedures (p = 0.67). Procedure time was 60 min (95% confidence interval: 41, 79) longer in robotic-assisted gastrectomy versus laparoscopic-assisted gastrectomy. R0 resection was observed in 94/108 (87%) patients after robotic-assisted gastrectomy and 100/104 (96%) after laparoscopic-assisted gastrectomy (p = 0.03). There was no difference in other short-term outcomes or overall survival. Robotic-assisted gastrectomy was associated with a similar textbook outcome rate compared with that of laparoscopic-assisted gastrectomy. The lower rate of R0 resections after robotic-assisted gastrectomy warrants continued audit and further evaluation.",Scandinavian journal of surgery : SJS : official organ for the Finnish Surgical Society and the Scandinavian Surgical Society,2026,10.1177/14574969261480875,https://pubmed.ncbi.nlm.nih.gov/42693810/,2026-09-07T00:41:49.030631+00:00
42692980,Artificial intelligence-driven decision-making after endoscopic resection for early gastric cancer.,"Early gastric cancer (EGC) is increasingly managed by endoscopic resection (ER); however, lymph node metastasis (LNM), which occurs in approximately 5%-10% of cases, remains the key determinant for recommending additional gastrectomy. Current guideline-based strategies, including the eCura system, provide structured risk stratification but rely on categorical decision-making and may lead to overtreatment, as nearly 90% of patients undergoing additional surgery do not have LNM. Artificial intelligence (AI) has emerged as a promising tool for improving LNM predictions. Machine learning models using clinicopathological variables have demonstrated promising discriminatory performance (area under the curve, 0.69-0.94), often outperforming conventional scoring systems such as eCura. However, these approaches rely on predefined variables and are susceptible to interobserver variability in pathological assessments. Whole-slide image-based AI directly analyzes histopathological images, offering an objective and reproducible approach. Although evidence for EGC is limited, recent multicenter data have demonstrated promising results using routine hematoxylin and eosin-stained slides. Beyond the LNM risk, treatment decisions should also consider patient factors such as age, comorbidities, and competing mortality risks. AI is expected to support treatment decision-making by integrating these multidimensional factors, enabling more personalized and risk-adapted management after ER.",Clinical endoscopy,2026,10.5946/ce.2026.176,https://pubmed.ncbi.nlm.nih.gov/42692980/,2026-09-07T00:41:49.030666+00:00
42693581,Chronic Stress Promotes Gastric Cancer Metastasis by Inducing Microbiota-Associated Kynurenine Accumulation and Macrophage Remodeling.,"Chronic stress frequently occurs in patients with cancer, yet how stress is translated into pro-metastatic programs remains unclear. Here, using chronic restraint stress (CRS) in male mice, we show that stress increases metastatic burden and reduces survival in lung metastasis and peritoneal dissemination models, while also increasing overall tumor burden in an orthotopic gastric cancer model. Single-cell transcriptomics of lung metastases reveals stress-associated remodeling of tumor-associated macrophages toward immunosuppressive states, while macrophage depletion attenuates stress-enhanced metastasis. Stress also reshapes the gut microbiota and enriches Lactobacillus reuteri, and microbiota transfer, antibiotic treatment, co-housing, and bacterial gavage experiments support a microbiota-dependent contribution to metastatic progression. Metabolomic analyses identify kynurenine as a stress- and L. reuteri-associated tryptophan metabolite that promotes macrophage-dependent dissemination, whereas tryptophan deficiency blunts stress- and L. reuteri-enhanced metastasis. Mechanistically, our data support a role for TNFR2-C/EBPβ signaling in Kyn-induced immunosuppressive macrophage remodeling. In clinical gastric cancer cohorts, higher depressive symptom burden is associated with shorter disease-free survival, Lactobacillus enrichment, elevated plasma Kyn/Trp ratio, and altered macrophage phenotypes. Together, these findings define a stress-microbiota-tryptophan metabolism-macrophage axis that links chronic stress to gastric cancer metastasis in male mouse models and clinical samples.","Advanced science (Weinheim, Baden-Wurttemberg, Germany)",2026,10.1002/advs.77612,https://pubmed.ncbi.nlm.nih.gov/42693581/,2026-09-07T00:41:49.030708+00:00
42692168,KRAS Expression Complements Genomic Profiling in Identifying Therapeutic Vulnerability in Gastric Cancer.,"Gastric cancer (GC) remains a major therapeutic challenge. Although alterations in the RAS pathway occur in over 50% of tumors, only a limited proportion are clinically actionable. We investigated whether KRAS expression complements genomic profiling for patient stratification and therapeutic vulnerability in GC. Comprehensive genomic profiling was performed in 19 Taiwanese GC patients and compared with TCGA-STAD data (n = 434). KRAS mRNA expression and overall survival were evaluated by meta-analysis of 13 independent cohorts (n = 2,521). Protein-level validation was performed by immunohistochemistry in an independent cohort (n = 121). Functional KRAS dependency and response to combined MEK/SHP2 inhibition were assessed in eight GC cell lines. KRAS amplification was entirely contained within the KRAS-high population, whereas most KRAS-high tumors lacked detectable amplification. High KRAS expression was associated with poorer overall survival (HR 1.23, p = 0.001) and remained an independent prognostic factor after multivariable adjustment (adjusted HR 1.24, p = 0.003). Protein-level analysis showed a concordant trend. KRAS expression correlated strongly with functional dependency (R2 = 0.88, p = 0.005), was enriched in MSI and CIN subtypes, and identified cell lines with enhanced sensitivity to combined MEK/SHP2 inhibition. KRAS expression complements genomic profiling by identifying biologically relevant KRAS-dependent GCs beyond mutation or amplification alone. Integrating expression-based stratification with genomic profiling may improve patient selection for RAS pathway-directed combination therapies.",Biomedical journal,2026,10.1016/j.bj.2026.101036,https://pubmed.ncbi.nlm.nih.gov/42692168/,2026-09-07T00:41:49.030748+00:00
42690565,Characterization of acquired capecitabine resistance in MKN-45 gastric cancer cells reveals preserved apoptotic sensitivity.,"Capecitabine (Cap) is widely used in the treatment of advanced gastric cancer; however, the emergence of acquired resistance remains a major obstacle to its long-term efficacy. Although several gastric cancer models resistant to 5-fluorouracil (5-FU) have been reported, experimentally characterized gastric cancer models of Cap resistance remain limited. This study aimed to establish and characterize a Cap-resistant MKN-45 gastric cancer cell model. with a focus on phenotypic alterations associated with acquired drug adaptation. A Cap-resistant MKN-45 subline (MKN-45/R-CapIC₆₀) was generated through exposure of parental MKN-45 cells to gradually increasing concentrations of Cap. Cell viability was evaluated using the MTT assay. Morphological alterations were examined by phase-contrast microscopy, while apoptosis, cell-cycle distribution, and surface c-Met expression were analyzed by flow cytometry. The established resistant subline exhibited a moderate level of Cap resistance, with an approximately 2- to 4-fold increase in the resistance index (RI) compared with the parental cells. Resistant cells showed morphological remodeling characterized by an elongated spindle-like morphology and increased adherence to the culture surface compared with parental cells. Surface c-Met expression was altered in resistant cells and further decreased following Cap exposure. Despite the acquisition of a resistance phenotype, Cap exposure retained biological activity in resistant cells by reducing proliferation, altering cell-cycle distribution through impaired G1/S transition, and increasing late apoptotic/necrotic populations. The findings suggest that the established Cap-resistant gastric cancer cell model retains responsiveness to Cap exposure despite the acquisition of a resistance phenotype. This model may provide a useful platform for investigating early phenotypic adaptations associated with the development of drug resistance in gastric cancer.","Daru : journal of Faculty of Pharmacy, Tehran University of Medical Sciences",2026,10.1007/s40199-026-00653-7,https://pubmed.ncbi.nlm.nih.gov/42690565/,2026-09-07T00:41:49.030798+00:00
42690484,Barriers and Priorities for Immunotherapy Implementation in Advanced Gastric Cancer: Findings from a Two-Phase Qualitative Study.,"Immunotherapy has changed the therapeutic approach to advanced gastric cancer (AGC) and has shown survival benefits compared with standard chemotherapy. However, in clinical practice, its use remains heterogeneous. Differences in diagnostic pathways, organisational aspects, and regional settings may lead to delays in treatment access. This study aimed to analyse these issues and to describe possible shared strategies to improve the use of immunotherapy in AGC in Italy. The analysis was performed in two steps. First, a focus group comprising 13 oncologists and pathologists from 5 national reference centres was organised to collect information on the use of immunotherapy biomarker tests and the main barriers encountered in daily practice. Based on the topics emerging from this discussion, a second step was conducted using a consensus questionnaire. The questionnaire was sent to a multidisciplinary group composed of 19 oncologists, pathologists, surgeons, pharmacists, and endoscopists. Several common problems were reported during the focus group discussion. These included delays in biomarker testing, differences in pre-analytical procedures among centres, the absence of shared quality indicators, and difficulties in tracking tissue samples, especially when samples were sent from outside hospitals. In addition, limited interaction among different specialists was frequently mentioned. The results of the questionnaire indicated a high level of agreement on several proposed actions, such as the evaluation of regional differences, the use of organisational models already adopted in some Italian oncology networks, the introduction of new biomarkers together with dedicated training activities, and the use of digital tools to support the discussion of complex cases. All survey items reached the predefined consensus threshold. This study identified several organizational and diagnostic challenges affecting the implementation of immunotherapy in AGC. Participants highlighted a number of potential priorities for improvement, including optimization of diagnostic workflows, stronger multidisciplinary collaboration, and greater coordination across centres. These findings may inform future initiatives aimed at reducing variability in clinical practice and supporting equitable access to innovative treatments.",Journal of gastrointestinal cancer,2026,10.1007/s12029-026-01557-0,https://pubmed.ncbi.nlm.nih.gov/42690484/,2026-09-07T00:41:49.030845+00:00
42690279,Prevalence of Claudin 18.2 Expression in Gastric and Gastroesophageal Junction Adenocarcinoma: A Systematic Review and Meta-Analysis.,"Claudin 18 isoform 2 (CLDN18.2) has emerged as a clinically validated therapeutic target in gastric and gastroesophageal junction (GEJ) adenocarcinoma following the regulatory approval of zolbetuximab in combination with first-line chemotherapy. Accurate prevalence data at the clinically validated immunohistochemical threshold are essential for patient selection, healthcare resource planning, and treatment strategy. Reported prevalence estimates vary widely across studies due to differences in populations, methodologies, and immunohistochemical protocols. This systematic review and meta-analysis aimed to generate a robust pooled prevalence estimate of CLDN18.2 expression at the threshold used in pivotal phase III trials. PubMed, Embase, and the Cochrane Library were searched from database inception through March 12th, 2026. Studies reporting CLDN18.2 expression in gastric or gastroesophageal junction adenocarcinoma using the ≥ 75% moderate-to-strong membranous staining threshold were included. Prevalence proportions were pooled using a random-effects model with logit transformation and restricted maximum-likelihood estimation of between-study variance. Heterogeneity was assessed using the I² statistic and Cochran's Q test, and a 95% prediction interval was calculated. Pre-specified subgroup analyses assessed antibody clone and geographic region, with additional exploratory analyses according to disease setting and specimen type. Sensitivity analyses were performed to assess the robustness of the pooled estimate. Twenty-two predominantly retrospective cohort studies comprising 12,173 patients were included. The pooled prevalence of CLDN18.2 positivity using a random-effects model was 33.99% (95% CI: 30.13%-38.07%; 95% prediction interval: approximately 18%-55%), with high between-study heterogeneity (I² = 92.4%). Subgroup analysis by antibody clone showed no statistically significant difference between studies using the 43-14 A clone (32.79%, 95% CI: 28.86%-36.97%) and those using other reported antibody clones (41.74%, 95% CI: 26.76%-58.42%; p = 0.281). One study with an unreported antibody clone was excluded from this subgroup analysis. Geographic subgroup analysis excluding the multinational Shitara et al. cohort demonstrated a non-significant trend toward higher prevalence in non-Asian populations (37.85%, 95% CI: 31.59%-44.54%) compared with Asian populations (32.10%, 95% CI: 27.28%-37.34%; p = 0.169). All three sensitivity analyses confirmed robustness of the pooled estimate. No significant evidence of publication bias was detected (Egger's test p = 0.56). Approximately one-third of patients with gastric and GEJ adenocarcinoma express CLDN18.2 at the clinically validated ≥ 75% threshold. However, because the included studies encompassed heterogeneous disease settings and were predominantly HER2-unselected, the pooled estimate should not be interpreted directly as the proportion of patients eligible for zolbetuximab. The estimate was robust across sensitivity analyses and provides an evidence base for understanding CLDN18.2 prevalence and biomarker-testing requirements. Standardisation of immunohistochemical assessment methods is warranted to reduce between-study heterogeneity in future research.",Journal of gastrointestinal cancer,2026,10.1007/s12029-026-01588-7,https://pubmed.ncbi.nlm.nih.gov/42690279/,2026-09-07T00:41:49.030909+00:00
42364318,Integrative analysis of machine learning and single-cell sequencing identifies IGHG1 as a therapeutic target for epimedium in diabetes-gastric cancer comorbidity.,"The clinical comorbidity of diabetes mellitus (DM) and gastric cancer (GC) presents a significant healthcare challenge, as these two conditions often synergistically promote disease progression. Although Epimedium is known for its anti-tumor and metabolic regulatory properties, the precise molecular mechanism by which it intervenes in the DM-GC comorbidity remains poorly understood. We integrated transcriptomic datasets of DM and GC to identify common differentially expressed genes (DEGs). Machine learning algorithms, enhanced by SHapley Additive exPlanations (SHAP) analysis, were utilized to isolate core genes within both disease contexts. These candidates were then intersected with the predicted targets of Epimedium. To refine the targets, single-cell RNA sequencing (scRNA-seq) analysis was performed to evaluate cell-specific expression patterns. Additionally, CCK-8, Western blot, and qPCR assays were conducted in human HGC-27 cells to validate the therapeutic efficacy of Epimedium in vitro. Eight common DEGs were identified, leading to the selection of GABRA1 and IGHG1 as primary hub genes. scRNA-seq analysis revealed that IGHG1 was significantly overexpressed in GC tissues compared to normal tissues, particularly within the B-cell population, whereas GABRA1 showed insufficient expression levels for further analysis. In cellular verification, HGC-27 cell viability was significantly inhibited by Epimedium in a dose-dependent manner, with a half-maximal inhibitory concentration (IC50) of 632.3 μg/ml. Furthermore, the expression of IGHG1 was markedly downregulated at both the transcriptional and translational levels following Epimedium treatment. Our findings identify IGHG1 as a critical molecular bridge in the DM-GC comorbidity. Epimedium exerts potent anti-tumor effects by targeting and downregulating IGHG1 expression. This study provides a novel therapeutic strategy and a robust theoretical basis for the treatment of patients suffering from concurrent diabetes and gastric cancer.",Biochemical and biophysical research communications,2026,10.1016/j.bbrc.2026.154160,https://pubmed.ncbi.nlm.nih.gov/42364318/,2026-09-07T00:41:49.030958+00:00
42694458,Sintilimab Combined With Albumin-Bound Paclitaxel and SOX Regimen as Conversion Therapy for Unresectable Advanced Gastric Cancer Achieving Complete Remission: A Case Report and Literature Review.,"For carefully selected patients with unresectable advanced gastric cancer, immunochemotherapy combining PD-1 inhibitor with albumin-bound paclitaxel and S-1/oxaliplatin may achieve deep remission and enable successful R0 resection. Our findings suggest that this multimodal conversion approach could be considered in selected cases with favorable performance status and MDT-supported indications, as pathological complete remission appears to be attainable in this context.",Clinical case reports,2026,10.1002/ccr3.73457,https://pubmed.ncbi.nlm.nih.gov/42694458/,2026-09-07T00:41:49.030986+00:00
42686372,LIM and SH3 protein 1 deficiency confers resistance to cytotoxic lymphocyte-mediated lysis and immunotherapy in gastric cancer by disrupting cytoskeleton dynamics.,"A substantial amount of research has been dedicated to the mechanisms by which tumor cells evade immune system recognition and manipulate the immune microenvironment to facilitate immune escape. Recent studies have shown that viruses and tumors can protect themselves from immune cytotoxicity by remodeling the actin cytoskeleton. However, cytoskeleton-mediated immune resistance and the specific cytoskeleton-related proteins involved require further research. Single-cell RNA sequencing was used to identify cytoskeleton-related genes associated with the response to anti-programmed cell death protein 1 (PD-1) therapy across four digestive tumors. Immunohistochemistry was used to detect LASP1 expression in gastric cancer and analyze its prognostic value for survival and anti-PD-1 response. The impact of LASP1 deficiency on tumor response to anti-PD-1 treatment and cytotoxic lymphocyte-mediated lysis was determined in vivo and in vitro. Live-cell imaging was used to compare actin cytoskeletal dynamics at the immunological synapse between LASP1-deficient and mock tumor cells. Molecular mechanisms underlying LASP1-mediated immune-resistance were dissected using co-immunoprecipitation, immunofluorescence, domain deletion complementation, and Laurdan staining. The deficiency of LASP1 in gastric cancer affected the sensitivity of tumor cells to immunotherapy and induced cytotoxic lymphocytes exhaustion. LASP1 may act as a scaffold protein to regulate the Arp2/3 complex and remodel the cytoskeleton at the immunological synapses. LASP1 deficiency in tumor cells impairs lytic immunological synapse function by disrupting cytoskeletal dynamics-mediated cell membrane lipid organization at the immunological synapse. Finally, simvastatin combined with anti-PD-1 therapy reversed immunotherapy resistance in LASP1-deficient tumors. The deficiency of LASP1 in tumors mediates immunological synapse dysfunction by affecting cytoskeletal dynamics-mediated cell membrane lipid organization, thus enabling tumors to protect themselves from immune cytotoxicity and immunotherapy.",Journal for immunotherapy of cancer,2026,10.1136/jitc-2025-014475,https://pubmed.ncbi.nlm.nih.gov/42686372/,2026-09-07T00:41:49.031032+00:00
42684577,Research Progress and Optimization Strategies of Bispecific Antibody Therapies for CLDN18.2-Positive Gastric Cancer.,"CLDN18.2 is specifically overexpressed in gastric cancer tissues and represents an important emerging therapeutic target in gastriccancer treatment. Bispecific antibodies (BsAbs), a class of antibody-based therapeutics capable of simultaneously targeting two antigensites, have recently entered clinical development for the treatment of CLDN18.2-positive gastric cancer. This review systematicallysummarizes the molecular designs, functional subtypes, and clinical development of CLDN18.2-related BsAbs, while analyzing currentchallenges and potential optimization strategies. Currently, CLDN18.2-related BsAbs that have entered clinical development mainlycomprise three categories: T-cell engagers, T-cell costimulators, and immune checkpoint-blocking BsAbs. These agents havedemonstrated preliminary antitumor activity in later-line monotherapy and first-line combination therapy settings, with generallymanageable safety profiles. Optimization of target combinations, precise patient selection, strategies to overcome efficacy limitations, and improved safety management represent important directions for enhancing the therapeutic value of BsAb-based approaches.",Journal of gastrointestinal cancer,2026,10.1007/s12029-026-01584-x,https://pubmed.ncbi.nlm.nih.gov/42684577/,2026-09-07T00:41:49.031064+00:00
42684525,Chemotherapy After Immune Checkpoint Inhibitor Exposure in Advanced Gastric Cancer: Clinical Evidence and Treatment Sequencing in the ICI Era.,"The incorporation of immune checkpoint inhibitors (ICIs) into first-line therapy has changed the treatment landscape of advanced gastric and gastroesophageal junction cancer. This review summarizes the clinical evidence for chemotherapy after prior ICI exposure, discusses potential biological mechanisms, and considers practical treatment sequencing in the ICI era. We conducted a targeted narrative review of PubMed/MEDLINE and major oncology congress proceedings through July 19, 2026. Original clinical studies reporting outcomes of systemic chemotherapy after prior ICI exposure in advanced gastric or gastroesophageal junction cancer were prioritized, with selected evidence from other tumor types and mechanistic studies included for context. Retrospective and observational studies suggest that chemotherapy after anti-PD-1 therapy can retain clinically meaningful activity, although the evidence is heterogeneous and largely non-randomized. Taxane plus ramucirumab is the most extensively studied post-ICI regimen, but available data in the contemporary first-line-ICI setting do not establish superiority over other guideline-supported second-line options. Whether favorable outcomes reflect true immunologic chemosensitization, residual immune activation interacting with subsequent cytotoxic or anti-angiogenic therapy, or patient selection remains unresolved. Current evidence supports individualized selection among guideline-recommended second-line regimens, including taxane plus ramucirumab, single-agent taxane, and irinotecan, after first-line fluoropyrimidine/platinum plus ICI. Prospective post-ICI validation and biomarker-integrated studies are needed.",Journal of gastrointestinal cancer,2026,10.1007/s12029-026-01575-y,https://pubmed.ncbi.nlm.nih.gov/42684525/,2026-09-07T00:41:49.031102+00:00
42681978,Nutrition support in gastroenterology: opinion on current literature.,"Historically, enteral nutrition has been the preferred therapy due to its physiologic benefits, with parenteral nutrition selected if enteral nutrition was contraindicated or insufficient; however, recent advances in nutrition support have prompted reevaluation of this process. This review summarizes the current evidence regarding enteral nutrition and parenteral nutrition in gastrointestinal oncology, inflammatory bowel disease (IBD), critical care, and gastrointestinal surgery. In gastric cancer, parenteral nutrition may improve the nutritional status and clinical outcomes of treatment-related gastrointestinal dysfunction. In IBD, exclusive enteral nutrition may be effective for inducing remission and promoting mucosal healing, whereas parenteral nutrition is preferred in intestinal failure and severe complications. Studies have shown the value of early parenteral nutrition when enteral nutrition is contraindicated or insufficient, specifically for improving nutrient delivery and reducing complications in critically ill and surgical patients. Additional areas of interest include caloric and protein dosing, indirect calorimetry, and the effect of nutrition support on the gut microbiome. Current evidence supports a patient-centered approach to nutrition support with enteral nutrition remaining as the preference when the gastrointestinal tract can be utilized and parenteral nutrition as an important alternative or adjunct in select populations. Future research should focus on the refinement of supplemental parenteral nutrition practices and the development of evidence-based approaches for specific disease states.",Current opinion in gastroenterology,2026,10.1097/MOG.0000000000001194,https://pubmed.ncbi.nlm.nih.gov/42681978/,2026-09-07T00:41:49.031142+00:00
42681577,Transcriptome Dynamics From Primary Gastric Cancer to Peritoneal Metastases: Translational Insights for Surgical Oncology.,"Peritoneal metastases (PMs) represent the most frequent, clinically challenging dissemination pattern in advanced gastric cancer, especially poorly cohesive (PCGC) subtype, and are associated with poor prognosis. We aimed to characterize the transcriptomic landscape of primary gastric tumors (PGTs) and matched PMs to identify differential molecular programs, tumor-microenvironment (TME) features, and potential biomarkers. We analyzed 55 FFPE samples from 23 treatment-naïve patients with synchronous peritoneal-only stage IV PCGC and 10 non-neoplastic gastric controls (NNC). RNA sequencing was analyzed using DESeq2 and GSEA, with cell proportions estimated through immune deconvolution (TIMER/xCell). A total of 4279 differentially expressed genes were identified across all groups. CLDN18 expression progressively decreased from NNCs to PGTs and PMs. Direct PGT-PM comparison revealed that PGTs were characterized by cytoskeletal and extracellular-matrix remodeling genes upregulation, mitotic/cell-cycle, NOTCH and apical-junction pathways enrichment, and memory T-cell predominance. Compared with PGTs, PMs showed increased IGF1, IGFN1, NTRK2 and adipogenesis-related transcripts, adipogenesis and MAPK7/11-NTRK2 signaling enrichment, and macrophage-dominant and dendritic-cell-dominant microenvironments. epithelial-mesenchymal transition (EMT), inflammatory pathways, and cancer-associated fibroblasts were shared by both tumor lesions. PMs did not match established TCGA or PCGC subtypes, suggesting a distinct molecular identity. PMs are characterized by TME remodeling and transcriptional reprogramming. Shared EMT and inflammatory pathways act as bridge linking PGT to PM, consistent with adaptive exploitation of physiological peritoneal programs. Collectively, our findings suggest a transcriptomic framework in which PM can be characterized as a distinct niche-conditioned biological entity and support microenvironment-informed diagnostic and therapeutic strategies.",Annals of surgery,2026,10.1097/SLA.0000000000007183,https://pubmed.ncbi.nlm.nih.gov/42681577/,2026-09-07T00:41:49.031184+00:00
42699562,Obstructing colonic involvement by gastric-origin adenocarcinoma during adjuvant chemotherapy after curative-intent gastrectomy: a case report with literature review.,"Colonic involvement by gastric adenocarcinoma is rare and may mimic a new primary colorectal malignancy. Although clinicopathological assessment can support a gastric origin, it cannot reliably distinguish hematogenous or lymphatic dissemination and peritoneal implantation with secondary mural invasion. A 52-year-old man underwent curative-intent total gastrectomy for distal gastric adenocarcinoma (pT4a pN2) in January 2024. Adjuvant folinic acid, fluorouracil, and oxaliplatin (FOLFOX) was initiated in February 2024. Approximately five months after the gastrectomy, while treatment was ongoing, he developed complete large-bowel obstruction due to a severe left-sided colonic stricture and underwent emergency left hemicolectomy. The resection contained two infiltrative lesions, including a dominant transmural lesion. Histology showed moderately differentiated adenocarcinoma. Immunohistochemistry showed CK7+, CK20+, CEA+, focal CDX2+, and SATB2-, favoring gastric-origin adenocarcinoma involving the colon over a conventional de novo colorectal primary. The route of colonic involvement remained indeterminate. The patient subsequently received palliative systemic treatment and died approximately 22 months after the initial diagnosis. This early, obstructing recurrence during active adjuvant therapy underscores the need to consider disease of gastric-origin in patients with a new colonic stricture after gastrectomy. Immunohistochemistry helps assign tumor origin, but it cannot establish the route of spread; microscopic peritoneal disease cannot be excluded despite the absence of macroscopic peritoneal disease at laparotomy. Gastric-origin adenocarcinoma should be considered in patients with previous gastric cancer who develop a colonic stricture. Accurate clinicopathological classification is essential for multidisciplinary treatment planning.",International journal of surgery case reports,2026,10.1097/RC9.0000000000000900,https://pubmed.ncbi.nlm.nih.gov/42699562/,2026-09-07T00:41:49.031227+00:00
42688669,DKN-01 and atezolizumab as second- or third-line therapy in advanced oesophagogastric adenocarcinoma: the WAKING trial.,"Survival for patients with advanced oesophagogastric adenocarcinoma (OGA) is poor. Immune checkpoint inhibitor (ICI) monotherapy has limited efficacy in mismatch repair proficient (MMRp) OGA. Dickkopf-1 modulates Wnt/β-catenin signalling and promotes an immunosuppressive tumour microenvironment potentially enhancing ICI activity. This multicentre, single-arm phase II trial occurred in two phases: dose escalation (IIA) and dose expansion (IIB). Phase IIA established the recommended phase II dose of DKN-01. Phase IIB evaluated DKN-01 600 mg i.v. plus atezolizumab 840 mg i.v. administered two-weekly in patients with previously treated MMRp advanced OGA. The primary endpoint was objective response rate (ORR) per RECIST v1.1 (target ORR 25% in 40 patients). Secondary endpoints included safety, progression-free survival (PFS) and overall survival (OS). Between June 2022 and May 2024, 61 patients were enrolled; 47 started treatment (5 phase IIA, 42 phase IIB). No dose-limiting toxicities occurred. Forty patients were assessable for the primary endpoint. ORR was 7.5% (3/40) [one-sided 95% lower confidence interval (CI) 2.1], median duration of response 8.6 months (range 2.7-19.4); 13/40 (32.5%; 95% CI 18.6-49.1) had disease control. Baseline programmed death-ligand 1 combined positive score (CPS) in responders was 1, 2, and 85; the patient with CPS 85 remained alive 3 years postprogression. Median PFS was 1.8 months, and median OS was 5.9 months, with a median follow-up of 39.3 months. Grade ≥3 adverse events occurred in 60% of patients. DKN-01/atezolizumab was well tolerated. However, efficacy in MMRp/microsatellite stable OGA in an otherwise biomarker-unselected population did not meet the primary efficacy endpoint.",ESMO gastrointestinal oncology,2026,10.1016/j.esmogo.2026.100406,https://pubmed.ncbi.nlm.nih.gov/42688669/,2026-09-07T00:41:49.031321+00:00
42686574,Late Recurrence of Gastric Signet-Ring Cell Carcinoma Presenting as Pulmonary Metastasis 18 Years after Gastrectomy: A Case Report and Literature Review.,"A 77-year-old woman presented with anorexia and weight loss. Chest computed tomography revealed a pulmonary mass and diffuse ground-glass opacity. She had undergone gastrectomy for gastric signet-ring cell carcinoma 18 years previously. A biopsy revealed poorly differentiated adenocarcinoma with signet ring cells. Treatment was initiated after the diagnosis of primary lung cancer. A temporary response was achieved; however, the patient died eight months later. Subsequent immunohistochemical findings were similar to the pathological findings obtained 18 years earlier, thus indicating gastric cancer recurrence. This case highlights the possibility of a late recurrence after surgery for gastric cancer.","Internal medicine (Tokyo, Japan)",2026,10.2169/internalmedicine.7978-26,https://pubmed.ncbi.nlm.nih.gov/42686574/,2026-09-07T00:41:49.031356+00:00
42686572,Pathological Complete Response and Conversion Gastrectomy after Nivolumab Plus FOLFOX in an 84-Year-Old Man with MSI-High Gastric Cancer Presenting as a Sister Mary Joseph Nodule: A Case Report.,"A Sister Mary Joseph nodule is a cutaneous umbilical metastasis indicating advanced intra-abdominal malignancy with a poor prognosis. An 84-year-old man presented with an umbilical nodule that was completely excised and diagnosed to be metastatic adenocarcinoma from advanced gastric cancer. After FOLFOX-nivolumab, the primary lesion and lymphadenopathy showed near-complete radiographic regression, and conversion total gastrectomy achieved a pathological complete response. The indications for surgery were insufficient, and therefore systemic therapy or surveillance was continued. This case highlights the uncertainty surrounding conversion surgery after an immune checkpoint inhibitor-induced near-complete response and suggests that neither umbilical metastasis nor advanced age alone should preclude the consideration of curative-intent multimodal treatment in fit patients.","Internal medicine (Tokyo, Japan)",2026,10.2169/internalmedicine.7883-26,https://pubmed.ncbi.nlm.nih.gov/42686572/,2026-09-07T00:41:49.031388+00:00
42683344,"Treatment of multidrug-resistant tuberculosis with bedaquiline, pretomanid, linezolid, and moxifloxacin following near-total gastrectomy.","Patients with a history of gastrectomy are at increased risk of developing pulmonary tuberculosis due to nutritional deficiencies and potential immune impairment. Altered gastrointestinal anatomy can affect oral drug absorption and treatment pharmacokinetics, making management of drug-resistant tuberculosis in this population challenging. We describe a case of a woman with a history of gastric adenocarcinoma treated with chemotherapy, followed by near-total gastrectomy and Roux-en-Y reconstruction, who subsequently developed multidrug-resistant pulmonary tuberculosis. A biopsy of a pulmonary nodule was sent for culture and grew Mycobacterium tuberculosis complex. Phenotypic drug susceptibility testing could not be performed due to poor growth; however, a line probe assay performed on the isolate identified resistance to rifampin and isoniazid. The patient was treated with the all-oral bedaquiline, pretomanid, linezolid, and moxifloxacin (BPaLM) regimen. Due to concerns regarding impaired drug absorption following gastrectomy, therapeutic drug monitoring was performed to guide dosing. Therapeutic drug levels were ultimately achieved, and sputum culture conversion occurred after 5 weeks of effective therapy. The patient successfully completed the 26-week regimen with sustained microbiologic cure. This case demonstrates successful use of the all-oral BPaLM regimen in a patient with prior gastrectomy when supported by therapeutic drug monitoring. Evaluating drug exposure may help optimize treatment outcomes in patients at risk for drug malabsorption.",ASM case reports,2026,10.1128/asmcr.00027-26,https://pubmed.ncbi.nlm.nih.gov/42683344/,2026-09-07T00:41:49.031427+00:00
42682657,Circadian-based individualised protection against inflammation-cancer transition in atrophic gastritis patients.,"Chronic atrophic gastritis (CAG) is a critical precancerous stage in the development of gastric cancer (GC). Circadian rhythm disruption perturbs the core clock gene network, including circadian locomotor output cycles kaput (CLOCK), brain and muscle ARNT-like 1 (BMAL1), period circadian protein homolog (PER), and cryptochrome (CRY). These alterations contribute to a multi-layered pathological cascade involving DNA damage accumulation, epigenetic remodeling, altered epithelial cell plasticity, cellular senescence, microbiota dysbiosis, tumor microenvironment remodeling, metabolic reprogramming, aberrant angiogenesis, and dysregulated cell death, thereby accelerating CAG to GC progression. However, existing studies have predominantly treated the circadian rhythm as a passive risk factor for disease onset and have yet to elevate it to an actionable interventional target within the full-course management of gastric precancerous lesions. Building on a systematic synthesis of the mechanistic evidence outlined above, this review proposes a predictive, preventive and personalised medicine (PPPM/3PM) three-tier management framework grounded in circadian-based individualised protection. At the predictive level, digital biomarkers (sleep-wake rhythms, light exposure, physical activity, and dietary behavior), multi-omics profiles, and circadian-related molecular signatures are integrated to achieve dynamic risk stratification of CAG populations. At the targeted prevention level, pharmacological agents and natural compounds with circadian-regulating potential are deployed to develop proactive protective strategies tailored to distinct pathological stages and circadian phenotypes. At the personalised treatment level, lifestyle interventions, chronotherapy, nano-carrier-based circadian-synchronised delivery, and dynamic biomarker monitoring are combined to formulate precision intervention regimens informed by individual circadian phenotypes. This framework repositions the circadian rhythm from a latent risk factor to a protectable and therapeutically targetable axis, offering new insights into time-optimised intervention strategies for the inflammation to cancer transition in CAG.",The EPMA journal,2026,10.1007/s13167-026-00465-4,https://pubmed.ncbi.nlm.nih.gov/42682657/,2026-09-07T00:41:49.031475+00:00
42681308,Beyond Zolbetuximab: Next-Generation Targeting Strategies for CLDN18.2.,"Claudin 18 isoform 2 (CLDN18.2) has emerged as a clinically actionable target in gastric and gastroesophageal junction adenocarcinoma. Zolbetuximab plus chemotherapy established the first validated CLDN18.2-directed strategy, but also highlighted clinically important limitations: incomplete primary sensitivity, spatial and temporal heterogeneity of antigen expression, gastrointestinal toxicity, uncertain biomarker persistence after treatment, and the absence of an evidence-based sequence after progression. These limitations have accelerated development of antibody-drug conjugates (ADCs), chimeric antigen receptor (CAR) T-cell therapy, bispecific antibodies, T-cell engagers, and rational combinations with chemotherapy or immune checkpoint blockade. This review summarizes current evidence through July 2026, examines plausible mechanisms of resistance and biomarker evolution, and proposes a cautious, modality-specific framework for future clinical development. Updated clinical data support proof of concept across multiple modalities. IBI343, an exatecan-based ADC, has shown antitumor activity with predominantly hematologic toxicity; vedotin-based ADCs demonstrate a different linker-payload profile with additional concern for microtubule-related cumulative toxicity. Randomized phase II data with satricabtagene autoleucel have established progression-free survival benefit over treatment of physician's choice in previously treated disease, although lymphodepletion-related cytopenias and cytokine-release syndrome require specialized infrastructure. Early studies of givastomig and IBI389 further support immune-engaging approaches. Tissue immunohistochemistry remains the reference method for treatment selection; circulating tumor DNA cannot currently reproduce membranous protein intensity or spatial distribution, and liquid-biopsy approaches for CLDN18.2 reassessment remain investigational.",Journal of gastrointestinal cancer,2026,10.1007/s12029-026-01577-w,https://pubmed.ncbi.nlm.nih.gov/42681308/,2026-09-07T00:41:49.031515+00:00
42680691,Redox Rewiring in Nicotine-Driven Gastric Carcinogenesis: Uncovering ROS-Dependent Oncogenic Circuits.,"Nicotine from tobacco products, secondhand smoke, and emerging delivery systems remains a major but underappreciated driver of gastric carcinogenesis (GC). Although reactive oxygen species (ROS) have long been implicated in tumor biology, current models incompletely explain how chronic nicotine selectively reprograms gastric epithelial signaling. This review advances the concept of redox rewiring, whereby nicotine establishes a persistent oxidative state that orchestrates multiple oncogenic programs via spatially compartmentalized NOX signaling. We synthesize evidence for a unified model wherein nicotine activates nAChR/β-AR signaling, Ca2+ influx, PKC, and compartmentalized NOX-derived ROS to generate distinct oncogenic outputs. Beyond the established NOX/ROS/NF-κB/MAPK-driven IL-8 and MMP-9 axes, we integrate emerging evidence into three interconnected modules governing EMT/metastasis (ABL1/STAT3/COX-2/periostin), survival/chemoresistance (ERK/GLI1/Bcl-2), and invasion/immune evasion (miR-21/PDCD4). Collectively, these circuits suggest that ROS function not merely as damaging byproducts but as spatially organized signaling mediators dictating tumor behavior. A major challenge is distinguishing established mechanisms from incompletely validated models. The three proposed axes are testable hypotheses requiring experimental validation. Most data derive from in vitro studies with nonphysiologic nicotine concentrations, and artifacts from nonspecific ROS probes are common. Compensatory pathway activation and multi-target effects of natural products remain underexplored. We outline a precision-redox oncology roadmap linking pathway-specific biomarkers, mechanistically matched natural products, and biomarker-enriched trials. Priorities include genetic validation of the three axes, time-resolved ROS imaging, and pulsed natural product regimens. By reframing nicotine-driven GC as adaptive redox network remodeling, this review provides a framework for prevention, stratification, and next-generation therapy. Antioxid. Redox Signal. 00, 000-000.",Antioxidants & redox signaling,2026,10.1177/15230864261483986,https://pubmed.ncbi.nlm.nih.gov/42680691/,2026-09-07T00:41:49.031561+00:00
42680093,Prospective evaluation of clinical and analytical values in the early diagnosis of anastomotic leak after oncological gastric surgery (PROFUGO study).,"Resective surgery is the cornerstone of gastric cancer treatment, but it carries considerable morbidity and mortality, with anastomotic leak (AL) being the most feared complication. This study aims to describe the prevalence and diagnostic management of AL after oncological gastrectomy, analyzing clinical and laboratory parameters that may facilitate its early diagnosis. A prospective, multicentre, national study was conducted between 2023 and 2024. 435 patients who underwent surgery for gastric cancer at 43 centres were included. Sociodemographic variables and diagnostic and therapeutic management data were described, comparing the postoperative evolution of clinical and laboratory variables in patients with and without anastomotic leak. The overall prevalence of AL was 10.5%, with patients exhibiting a significantly higher heart rate from the second postoperative day. In the group of patients with AL, C-reactive protein, procalcitonin, and interleukin-6 showed higher levels from the first postoperative day. Other markers, such as leukocytes and the neutrophil-to-lymphocyte ratio, were also significantly higher in the AL group. The diagnosis of AL was established at a median of 6 days post-surgery, with a resolution rate of 80% using endoscopic therapies, interventional radiology and surgery. Although the diagnosis of AL is often delayed until the sixth postoperative day, the differences in the values of variables such as C-reactive protein, procalcitonin, and interleukin-6 between patients with and without AL become noticeable earlier. These findings support the creation of predictive models based on the variables studied to diagnose this complication early.",Cirugia espanola,2026,10.1016/j.cireng.2026.800372,https://pubmed.ncbi.nlm.nih.gov/42680093/,2026-09-07T00:41:49.031603+00:00
42677497,Developing Personalized Postoperative Follow-Up Strategies for Patients With Locally Advanced Gastric Cancer Receiving Neoadjuvant Therapy Based on Dynamic Programming: A Multicenter Retrospective Cohort Study in China.,"The optimal follow-up strategy for patients with locally advanced gastric cancer (LAGC) receiving neoadjuvant therapy (NAT) remains unknown. Traditional follow-up strategies based on relatively fixed intervals fail to fully account for dynamic changes in recurrence risk. This study aimed to develop a personalized postoperative follow-up strategy using dynamic programming (DP) to optimize follow-up arrangements based on individual patient characteristics and dynamic recurrence risks. This study included 3397 patients with LAGC who underwent surgery after NAT at 21 medical centers between 2018 and 2023. By integrating multiple prognostic indicators using a random survival forest model, we estimated individual time-adjusted cumulative hazards. A conditional inference tree was then used to stratify patients into low-, medium-, and high-risk groups. The DP algorithm was employed to determine the optimal follow-up arrangements for recurrence detection. A Markov decision-analytic model was used to identify the most cost-effective follow-up strategy. Compared with the guideline strategies, the DP-based strategy significantly reduced the average delayed detection time, particularly in the high-risk group. Furthermore, the cost-effectiveness analysis showed that the DP-based strategy achieved the best incremental cost-effectiveness ratio. Finally, we determined that the optimal numbers of follow-ups for the low-, medium-, and high-risk groups were 9, 10, and 13, respectively. The study demonstrates that the DP-based personalized follow-up strategy significantly improved the efficiency of recurrence detection and resource utilization in LAGC. These findings highlight the potential of DP algorithms in clinical decision-making and provide a foundation for future personalized follow-up studies.",International journal of cancer,2026,10.1002/ijc.70731,https://pubmed.ncbi.nlm.nih.gov/42677497/,2026-09-07T00:41:49.031642+00:00
42676174,"Response to Comments on ""Prognostic Significance of Pretreatment [¹⁸F]ALF-NOTA-FAPI-04 PET/CT in Patients With Recurrent Gastric Cancer Undergoing Combined PD-1 Inhibitor and Chemotherapy"".",,Korean journal of radiology,2026,10.3348/kjr.2026.1091,https://pubmed.ncbi.nlm.nih.gov/42676174/,2026-09-07T00:41:49.031667+00:00
42674710,Integrating Patient-derived Organoid and Patient-derived Xenograft Models to Guide Precision Chemotherapy for Gastric Cancer.,"The present study aimed to establish patient-derived organoid (PDO) and patient-derived xenograft (PDX) models from clinical gastric cancer (GC) tissue samples and analyze their drug sensitivity data to evaluate their translational value in GC research. The present study investigated the integrated construction of PDOs and PDXs from the same patient and evaluated their utility in individualized drug sensitivity prediction and clinical translation. By constructing GC PDOs and PDXs, drug sensitivity assays with multiple agents were performed and validated results against clinical therapeutic responses. Endoscopic and surgical GC specimens were synchronously processed to generate paired PDO and PDX models from identical patient tissues. Model fidelity was validated using hematoxylin and zeosin (H&E) staining, immunohistochemistry (IHC) and short tandem repeat (STR) profiling. In vitro drug sensitivity testing and in vivo PDX pharmacodynamic validation were performed and predicted outcomes were compared to clinical treatment responses. The findings demonstrated that PDOs and PDXs effectively preserve key histopathological and genetic features of the original tumors, with high concordance between drug sensitivity profiles and actual clinical outcomes, providing a platform for precision therapy in GC. Both PDOs and PDXs recapitulated the histological features of primary tumors. IHC confirmed their consistency with the original tissue profiles, while STR analysis demonstrated >90% genetic matching between the models and the source tissues. The integrated PDO-PDX platform showed a high correlation in predicting drug sensitivity. The integrated PDO-PDX platform achieved clinical concordance in predicting drug sensitivity, providing a platform for precision therapy in GC.",Anticancer research,2026,10.21873/anticanres.18341,https://pubmed.ncbi.nlm.nih.gov/42674710/,2026-09-07T00:41:49.031710+00:00
42674708,Serum Albumin as a Signal for Near-end-of-life Chemotherapy and Care in Advanced or Recurrent Gastric Cancer.,"Chemotherapy administered near death is a recognized quality indicator of end-of-life cancer care intensity. However, simple clinical signals to prompt treatment reassessment and coordinate planned end-of-life care remain unclear in advanced gastric cancer. This study evaluated the interval from last chemotherapy to death and explored factors associated with near-end-of-life chemotherapy and failure to transition to a planned end-of-life care setting. This single-center retrospective study included 53 patients with advanced or recurrent gastric cancer who had complete data regarding final chemotherapy, mortality, and concurrent laboratory findings. The primary endpoint was chemotherapy administration within 30 days of death. A planned end-of-life care setting was defined as a scheduled transition to a palliative care unit, institutional care, or home-based care with visiting nursing support. The median interval from last chemotherapy to death was 67 days, with 15 patients (28.3%) receiving chemotherapy within 30 days of death. Serum albumin at final chemotherapy was significantly lower in these patients compared to those treated >30 days before death (2.5 vs. 3.2 g/dl, p<0.001), with an optimal cutoff of 2.9 g/dl. Patients receiving chemotherapy ≤30 days before death were less likely to transition to a planned end-of-life care setting (60.0% vs. 91.4%, p=0.015) and more likely to experience emergency hospitalization or sudden clinical deterioration (46.7% vs. 11.4%, p=0.010). Furthermore, albumin ≤2.9 g/dl and C-reactive protein (CRP) >1.0 mg/dl were associated with failure to transition to a planned care setting. Low serum albumin at final chemotherapy may serve as a practical clinical trigger for reassessing treatment continuation and facilitating timely end-of-life care planning in advanced or recurrent gastric cancer.",Anticancer research,2026,10.21873/anticanres.18371,https://pubmed.ncbi.nlm.nih.gov/42674708/,2026-09-07T00:41:49.031757+00:00
42668834,Diagnosis of Synchronous Primary Lung Cancers Using EBUS-TBNA and BDBD-Assisted Transbronchial Biopsy During a Single Bronchoscopic Procedure: A Case Report.,"Histopathological confirmation is essential to determine the optimal treatment strategy for patients with multiple pulmonary lesions. We report a case of synchronous small cell lung cancer (SCLC) and non-small cell lung cancer (NSCLC) diagnosed during the same bronchoscopic session using endobronchial ultrasound-guided transbronchial needle aspiration (EBUS-TBNA) and balloon dilation for bronchoscope delivery (BDBD) technique. A 70-year-old man with a history of gastric cancer presented with mediastinal lymphadenopathy and a nodule in the right upper lobe. EBUS-TBNA confirmed SCLC in the mediastinal lymph nodes. For the peripheral pulmonary lesion, BDBD enabled further advancement of the thin bronchoscope, allowing direct visualization and biopsy with standard forceps, which confirmed NSCLC. No procedure-related complications occurred. This case suggests that combining EBUS-TBNA with BDBD facilitates the accurate diagnosis of multiple pulmonary lesions during the same bronchoscopic session.",Respirology case reports,2026,10.1002/rcr2.70743,https://pubmed.ncbi.nlm.nih.gov/42668834/,2026-09-07T00:41:49.031791+00:00
42661858,Tumor response to neoadjuvant treatment as a predictor of benefit for adjuvant treatment in esophago-gastric cancers: a systematic review and meta-analysis.,"It is unclear which patients will benefit most from adjuvant chemotherapy for locally advanced esophago-gastric adenocarcinoma after systemic neoadjuvant treatment and resection. This study aims to systematically evaluate the efficacy of adjuvant chemotherapy in patients with resected esophago-gastric adenocarcinoma, based on pathologically documented response (pathological response) to the same neoadjuvant regimen. A systematic review and meta-analysis was conducted according to the Preferred Reporting Items for Systematic Reviews and Meta-Analysis guidelines. Relevant articles were acquired from PubMed, Embase, Web of Science, and Scopus from 2000 to 2025. Patients were trichotomized into minimal, partial, and complete pathological responders to neoadjuvant chemotherapy based on resection histology. A meta-analysis of overall survival (OS) and recurrence-free survival (RFS) comparing patients who did and did not receive adjuvant chemotherapy was carried out. Eleven studies were included in this systematic review, and five were meta-analyzed, totaling 6600 and 4688 patients, respectively. For partial responders, adjuvant chemotherapy conferred a significant RFS [pooled hazard ratio (HR) 0.71, 95% confidence interval (CI) 0.57-0.87] and OS (pooled HR 0.64, 95% CI 0.53-0.77) benefit. Conversely, for complete responders, adjuvant chemotherapy did not confer an RFS (pooled HR 0.57, 95% CI 0.19-1.73) or OS (pooled HR 1.00, 95% CI 0.32-3.08) benefit. In minimal responders, adjuvant chemotherapy was not associated with an RFS [pooled HR 0.64, 95% CI 0.28-1.48] or OS (pooled HR 0.72, 95% CI 0.49-1.05) benefit. Studies that were not eligible for meta-analysis were described qualitatively. Pathological response to neoadjuvant chemotherapy may help stratify oncological benefit from subsequent adjuvant chemotherapy, potentially supporting more personalized adjuvant treatment decisions in esophago-gastric cancer.",ESMO gastrointestinal oncology,2026,10.1016/j.esmogo.2026.100401,https://pubmed.ncbi.nlm.nih.gov/42661858/,2026-09-07T00:41:49.031833+00:00
42644425,Tumor-Associated Macrophages in the Chemoresistant Microenvironment of Gastric Cancer: Key Mechanisms and Intercellular Crosstalk.,"Gastric cancer (GC) remains a leading cause of cancer-related mortality, with chemoresistance posing a critical barrier to effective treatment. Tumor-associated macrophages (TAMs), particularly the immunosuppressive M2-polarized subset, are emerging as pivotal mediators of chemoresistance within the tumor microenvironment (TME). TAMs promote resistance through multifaceted mechanisms, including activation of pro-survival signaling pathways, induction of epithelial-mesenchymal transition (EMT), and enhancement of angiogenesis. For instance, M2-like TAMs secrete CXCL5, which activates the PI3K/AKT/mTOR axis in GC cells, thereby conferring resistance to 5-fluorouracil (5-FU). Similarly, TMEM, a transmembrane protein overexpressed in cisplatin-resistant GC, drives M2 polarization of TAMs via the Wnt/β-catenin pathway, further amplifying drug resistance and tumor progression. Clinical studies reveal that high TAM infiltration correlates with poor chemotherapy response and reduced survival in GC patients. This review synthesizes current evidence on TAM-driven chemoresistance in GC, highlighting the molecular interplay between TAMs, tumor cells, and stromal components. It underscores the potential of TAM-centric therapies-including checkpoint inhibitors, epigenetic modulators, and combination regimens-to overcome resistance and improve clinical outcomes. By integrating preclinical insights and clinical data, this work provides a roadmap for developing precision therapies that exploit TAM biology to enhance chemosensitivity in GC.",Cell biology international,2026,10.1002/cbin.70203,https://pubmed.ncbi.nlm.nih.gov/42644425/,2026-09-07T00:41:49.031876+00:00
42629612,"Integrated Transcriptomic Analysis and Machine Learning Identify THY1 as a Key Regulator of Cancer-Associated Fibroblast Infiltration, Promoting Malignant Progression and Immune Escape in Gastric Cancer.","Heterogeneity in cancer-associated fibroblast (CAF) infiltration within the tumor microenvironment is closely associated with gastric cancer progression and immune evasion; however, precise CAF-related diagnostic markers and actionable therapeutic targets remain scarce. Weighted gene coexpression network analysis (WGCNA) was employed to screen CAF-related coexpression modules. Gastric cancer samples were stratified into molecular subtypes via nonnegative matrix factorization (NMF). Core genes were screened using LASSO regression, SVM-RFE, and RF. Functional assays (Western blot, CCK-8, colony formation, Transwell, tube formation, ELISA, and flow cytometry) were conducted to assess THY1's role in CAF activation and effects on tumor/immune cells. WGCNA identified modules correlated with CAF abundance, yielding 417 hub genes. NMF classified gastric cancer into two molecular subtypes with distinct differences in immune microenvironment, drug sensitivity, and pathway activity. Four core genes (THY1, VASH1, CHSY3, and CDH11) were consistently identified. The nomogram model demonstrated strong diagnostic performance for discriminating gastric cancer from normal tissue (AUC = 0.907 in the discovery cohort and > 0.85 in the validation cohort), with calibration and decision curve analysis (DCA) supporting clinical utility. THY1 knockdown in CAFs downregulated activation markers. Conditioned medium of THY1-deficient CAFs reduced cell proliferation and invasion, inhibited HUVEC tube formation, enhanced CD8+ T cell-mediated tumor killing, and elevated IFN-γ secretion. CAF-derived THY1 promoted malignant phenotypes and immune evasion by modulating CAF function and paracrine cross talk with tumor cells, endothelial cells, and CD8+ T cells, offering new insights for tumor microenvironment-targeted therapy in gastric cancer.",Journal of gastroenterology and hepatology,2026,10.1111/jgh.70586,https://pubmed.ncbi.nlm.nih.gov/42629612/,2026-09-07T00:41:49.031924+00:00
42598816,First-Line HER2 ADC and Anti-PD-1 Plus Chemo Shows Efficacy in Gastric Cancer.,,Cancer discovery,2026,10.1158/2159-8290.CD-RW2026-070,https://pubmed.ncbi.nlm.nih.gov/42598816/,2026-09-07T00:41:49.031947+00:00
42583940,Matching-adjusted indirect comparison of fruquintinib versus ramucirumab in advanced gastric or gastroesophageal junction adenocarcinoma.,"Aim: Fruquintinib (Fruq), a selective VEGFR 1/2/3 inhibitor, showed a significant progression-free survival (PFS) benefit in the Phase III FRUTIGA trial for advanced gastric/gastroesophageal junction (G/GEJ) adenocarcinoma. Ramucirumab (RAM), an anti-VEGFR2 antibody, demonstrated efficacy in the RAINBOW-Asia trial. This anchored matching-adjusted indirect comparison (MAIC) evaluated Fruq plus paclitaxel versus RAM plus paclitaxel as second-line therapy for G/GEJ adenocarcinoma in the absence of head-to-head trials. Materials & methods: Data from individual patients in the FRUTIGA study (N = 703) and aggregated data from the RAINBOW-Asia study (N = 440) were analyzed. Baseline characteristics were balanced using entropy balancing. The placebo plus paclitaxel (PBO + PTX) groups served as the common comparators. The primary outcome was PFS; secondary outcomes included overall survival, objective response rate (ORR) and disease control rate (DCR). Rates of treatment-emergent adverse events (TEAEs) were also compared as an exploratory outcome using an adjusted indirect risk difference. Sensitivity analyses included restricted mean survival time and simulated treatment comparison. Results: After weighting (effective sample size = 564), baseline covariates were balanced. The anchored MAIC demonstrated that Fruq + PTX significantly improved PFS compared with RAM + PTX (HR: 0.70; 95% CI: 0.51-0.96; p = 0.0280), corresponding to a 30% reduction in progression risk, with a significant restricted mean survival time benefit of 1.18 months at 20 months (95% CI: 0.08-2.27; p = 0.024). Fruq achieved significantly higher ORR (OR: 1.76, 95% CI: 1.16-2.68; p = 0.008) and DCR (OR: 1.94, 95% CI: 1.33-2.83; p < 0.001). Overall survival was similar (0.97; 95% CI: 0.73-1.30; p = 0.8640). Subgroup analyses showed PFS benefits with Fruq in patients with ECOG PS 1, peritoneal metastases and two or fewer metastatic sites. In sensitivity analysis, the simulated treatment comparison also suggested a PFS benefit for Fruq + PTX (HR: 0.40, 95% CI: 0.32-0.50; p < 0.0001). For any-grade TEAEs, the indirect comparison showed higher adjusted relative incidences of increased bilirubin with Fruq + PTX than with RAM + PTX (RD: 12.3%; 95% CI: 2.3-22.4%, p < 0.05) and of hypokalemia (RD: 9.0%; 95% CI: 1.5-16.4%, p < 0.05). For grade ≥3 TEAEs, the adjusted relative incidence of decreased body weight was higher with Fruq + PTX than with RAM + PTX (RD: 2.9%; 95% CI: 0.6-5.2%, p < 0.05). The adjusted relative incidences of increased AST, ALT and hypocalcemia were numerically lower in the fruquintinib group than in the RAM group. Conclusion: This MAIC indicates that Fruq + PTX may be more effective than RAM + PTX in second-line advanced G/GEJ adenocarcinoma, with potentially improved PFS, ORR and DCR, and similar overall survival. Safety analyses suggested generally comparable safety profiles across the two regimens. Fruq + PTX remains a valuable treatment option, offering important comparative evidence for clinical and health technology assessment decisions. Trial Registration: Clinicaltrials.gov identifiers: NCT07144995.",Journal of comparative effectiveness research,2026,10.57264/cer-2026-0072,https://pubmed.ncbi.nlm.nih.gov/42583940/,2026-09-07T00:41:49.032018+00:00
42583253,Clinical implications of zolbetuximab-associated hypoalbuminemia in CLDN18.2-positive gastric or gastroesophageal junction cancer.,"Zolbetuximab enhances outcomes in human epidermal growth factor receptor 2-negative, claudin 18 isoform 2-positive advanced gastric cancer; nevertheless, the clinical implications of zolbetuximab-related hypoalbuminemia are not fully understood. We conducted a single-center retrospective study of 70 patients treated with zolbetuximab plus chemotherapy. We evaluated serial changes in albumin and their clinical implications, including associated on-target toxicities, changes in ascites, and antitumor activity. All patients exhibited some level of albumin decrease. The lowest hypoalbuminemia was grades 0-1 in 28 patients (40%), grade 2 in 27 (39%), and grade 3 in 15 (21%). The occurrence of grade ≥2 hypoalbuminemia peaked between cycles 1 and 3 (36%-49%) and then decreased. The median time to grade 3 hypoalbuminemia was 28.0 days, with recovery to grade ≤2 occurring after a median of 16.5 days. Grade 3 hypoalbuminemia correlated with advanced age, poorer performance status, and lower baseline albumin levels; it did not manifest in patients who had previously undergone gastrectomy. It frequently coincided with limb edema (100%), anorexia (93%), endoscopic gastritis (47%), and new or worsening ascites (60%). Most patients who temporarily paused zolbetuximab treatment resumed without recurrent grade 3 hypoalbuminemia. The antitumor activity did not significantly differ in patients with grade 3 events compared with those with grades 0-2 events, with an objective response rate of 71.4% versus 51.7% and a median overall survival of not reached versus 18.0 months (hazard ratio 1.16, P = 0.77). Zolbetuximab-associated hypoalbuminemia typically manifests early, is frequently reversible, and is accompanied by transient ascites.",ESMO gastrointestinal oncology,2026,10.1016/j.esmogo.2026.100383,https://pubmed.ncbi.nlm.nih.gov/42583253/,2026-09-07T00:41:49.032066+00:00
42583212,"Zolbetuximab plus pembrolizumab and chemotherapy in CLDN18.2-positive, HER2-negative, PD-L1-positive gastric or gastroesophageal junction adenocarcinoma: randomized, double-blind, phase III LUCERNA trial.","There remains an unmet need for additional treatment options for patients with human epidermal growth factor receptor 2 (HER2)-negative, locally advanced (LA) unresectable, or metastatic gastric or gastroesophageal junction (mG/GEJ) adenocarcinoma whose tumors are claudin 18 isoform 2 (CLDN18.2)-positive and programmed death-ligand 1 (PD-L1)-positive. The phase 2 ILUSTRO trial previously demonstrated promising clinical activity with the combination of zolbetuximab plus chemotherapy and checkpoint inhibitor therapy in patients with HER2-negative, LA unresectable, or mG/GEJ adenocarcinoma whose tumors were CLDN18.2-positive, warranting further exploration. In LUCERNA, a multicenter, double-blind, phase III trial, patients with HER2-negative, LA unresectable, or mG/GEJ adenocarcinoma whose tumors are CLDN18.2-positive and PD-L1-positive will be randomly assigned 1:1 to either first-line zolbetuximab plus pembrolizumab and chemotherapy (a capecitabine and oxaliplatin regimen, CAPOX; or a modified folinic acid, fluorouracil, and oxaliplatin regimen, mFOLFOX6) or placebo plus pembrolizumab and chemotherapy. The primary endpoint is overall survival. Key secondary endpoints are progression-free survival and objective response rate. Additional secondary endpoints include duration of response and safety. The results of this trial have the potential to support a new standard-of-care option in this patient population.",ESMO gastrointestinal oncology,2026,10.1016/j.esmogo.2026.100352,https://pubmed.ncbi.nlm.nih.gov/42583212/,2026-09-07T00:41:49.032103+00:00
42583108,Neoadjuvant immunotherapy followed by surgery versus non-operative management in dMMR/MSI gastroesophageal adenocarcinomas: a case series and review of the literature.,"Deficient mismatch repair (dMMR)/microsatellite instable (MSI) gastric adenocarcinomas and gastroesophageal junction adenocarcinomas (GEAs) constitute a biologically distinct subgroup characterized by high immunogenicity and limited benefit from fluoropyrimidine-based chemotherapy. Recent phase II trials, such as NEONIPIGA and INFINITY, have demonstrated unprecedented pathological complete response (pCR) rates with neoadjuvant immune checkpoint blockade, raising the question of whether chemotherapy and surgery could be safely omitted in this population. We retrospectively analyzed all consecutive patients with localized dMMR/MSI GEA treated with neoadjuvant immunotherapy between January 2024 and July 2025 at Paoli-Calmettes Institute (Marseille, France). Clinical, endoscopic, radiologic, and pathological data were prospectively collected and retrospectively reviewed. Pathologically documented response was assessed on surgical specimens when available, and clinical complete response (cCR) was defined by the absence of detectable disease on endoscopy or imaging. Ten patients were included in this retrospective review (median age 70.5 years; six males, four females). Nine of them received neoadjuvant dual immunotherapy, and one received chemoimmunotherapy. Six patients underwent surgery, four achieving pCR; one patient achieved partial regression (TRG1), and one TRG2. Four patients were managed non-operatively with two obtaining complete clinical response, and all ultimately achieved cCR following individualized treatment continuation. After a median follow-up of 19.5 months (range 10-22), all patients were alive and disease-free. These preliminary real-world data suggest that neoadjuvant immunotherapy may be safe and feasible in selected patients with localized dMMR/MSI GEA, and that non-operative management warrants further evaluation.",ESMO gastrointestinal oncology,2026,10.1016/j.esmogo.2026.100366,https://pubmed.ncbi.nlm.nih.gov/42583108/,2026-09-07T00:41:49.032144+00:00
42583071,Clinician and patient attitudes toward locoregional treatment of oligometastatic oesophago-gastric cancers: a mixed-methods study.,"The role of locoregional treatment in oligometastatic oesophago-gastric (OG) cancer remains uncertain, with conflicting trial evidence and limited guidance for clinical practice. This study aimed to evaluate clinician and patient attitudes toward locoregional management, assess clinical equipoise, and explore trade-offs between survival gain and quality of life (QOL) reduction in response to locoregional therapies. A cross-sectional survey of clinicians involved in multidisciplinary management of OG cancer was conducted between August and December 2025. Scenario-based questions assessed acceptability of combined survival gain (6-15 months) and QOL reduction (5%-20%) as a modified discrete choice experiment. A clustered logistic regression model evaluated the independent effects of survival gain and QOL reduction on clinician acceptability. Patient and public involvement workshops were undertaken to understand patient preferences in potential future trial design. Thirty clinicians from 24 centres participated. Sixty percent reported offering locoregional treatment following stability on systemic therapy. Approximately 93% of respondents indicated willingness to participate in a randomised controlled trial (RCT). Acceptability of treatment strategies increased with greater survival gain and decreased with increasing QOL reduction. In clustered regression analysis, each additional 3 months of survival gain increased the odds of acceptability by ∼75%, whereas each additional 5% QOL reduction decreased the odds by ∼45%. There is substantial variation in clinician attitudes toward locoregional treatment of oligometastatic OG cancer, but marked equipoise and high trial willingness exist. Acceptability is strongly influenced by the balance between survival benefit and QOL impact. These findings support the design of prospective RCTs incorporating patient-centred outcomes.",ESMO gastrointestinal oncology,2026,10.1016/j.esmogo.2026.100382,https://pubmed.ncbi.nlm.nih.gov/42583071/,2026-09-07T00:41:49.032190+00:00
42583014,Dynamic HER2 reassessment and precision sequencing after trastuzumab in HER2-positive advanced gastric cancer.,"Human epidermal growth factor receptor 2 (HER2)-targeted therapy has transformed the treatment of HER2-positive advanced gastric cancer. Trastuzumab-based chemotherapy has been established as the first effective biomarker-defined approach for this disease; however, the frequent loss of HER2 expression after treatment has limited the benefits of continued HER2 targeting beyond progression. This biological instability may explain why earlier attempts to extend HER2-targeted therapy after trastuzumab did not consistently produce clinical benefits. In the phase III DESTINY-Gastric04 trial, trastuzumab deruxtecan emerged as the preferred second-line treatment for patients with persistent HER2-positive disease on repeat biopsy, highlighting the importance of contemporaneous tumor biology over archival HER2 status. Key challenges remain, particularly in decision making when repeat biopsy is not feasible and when managing tumors that convert to nonactionable HER2 states after trastuzumab treatment. In this review, we examine the biological and clinical implications of dynamic HER2 reassessment and outline a practical framework for treatment sequencing in advanced gastric cancer.",ESMO gastrointestinal oncology,2026,10.1016/j.esmogo.2026.100349,https://pubmed.ncbi.nlm.nih.gov/42583014/,2026-09-07T00:41:49.032223+00:00
42572075,Baseline IL-6 independently predicts severe immune-related toxicity and poor survival in advanced gastric cancer treated with immunotherapy.,"Immune checkpoint inhibitors (ICIs) improve survival in advanced gastric cancer (GC), yet predicting therapeutic benefit versus toxicity remains challenging. Elevated interleukin-6 (IL-6) is linked to poor prognosis, but whether it simultaneously influences immune-related adverse events (irAEs) and how this relationship impacts survival remains unclear. We retrospectively analyzed 244 patients with advanced GC treated with ICIs. Predictors of high-grade irAEs were evaluated using Firth's penalized logistic regression to mitigate small-sample bias. Independent prognostic factors for overall survival (OS) were identified via multivariable Cox analysis and validated using propensity score matching (PSM). Causal mediation analysis was performed to assess whether the effect of IL-6 on OS was mediated through irAEs. Biological mechanisms were explored using TCGA-STAD transcriptomic data. Baseline IL-6 was a strong independent predictor of high-grade irAEs (OR = 2.74, P < 0.001) and inferior OS (P = 0.019), a finding confirmed after PSM. Mediation analysis did not demonstrate a statistically significant mediating effect of irAEs on the relationship between IL-6 and survival. Bioinformatic validation linked high IL-6 expression to hyper-inflammatory signaling (TNF/IL-17 pathways) and immunosuppressive M2 macrophage infiltration. Baseline IL-6 was independently associated with both severe immune-related toxicity and inferior overall survival, suggesting that elevated systemic IL-6 reflects an adverse inflammatory state in which toxicity does not necessarily correspond to improved therapeutic outcomes. These findings support further evaluation of IL-6 in risk stratification and warrant prospective investigation into its potential therapeutic modulation in combination with ICIs.",Gastric cancer : official journal of the International Gastric Cancer Association and the Japanese Gastric Cancer Association,2026,10.1007/s10120-026-01744-9,https://pubmed.ncbi.nlm.nih.gov/42572075/,2026-09-07T00:41:49.032294+00:00
42564213,Postoperative Adjuvant Treatment Decision for Early Epstein-Barr Virus-Associated Gastric Cancer.,"Epstein-Barr virus-associated gastric cancer (EBVaGC) is a relatively rare clinical subtype. Despite its generally favorable prognosis, preoperative diagnosis remains challenging, and no established consensus exists regarding postoperative adjuvant treatment strategies for early-stage patients with high-risk pathological factors. This study reports a female case of early-stage EBVaGC of the lymphoepithelioma-like carcinoma subtype complicated with perineural invasion (a high-risk factor), and systematically explores the etiology, pathological features, key diagnostic points, individualized adjuvant therapy options, and prognosis of EBVaGC. The aim is to improve clinicians' understanding of this gastric cancer subtype, reduce its misdiagnosis rate, and accelerate the development of standardized diagnostic and treatment pathways. A case of a 60-year-old female patient admitted with ""abdominal pain and distension for more than 1 year"" was reported, and postoperative pathology confirmed EBVaGC. The clinical manifestations and diagnostic and treatment process were analyzed in combination with a review of relevant literature from recent years. Preoperative gastroscopic biopsy revealed poorly differentiated adenocarcinoma of the gastric mucosa. The patient underwent laparoscopic radical subtotal gastrectomy with lymph node dissection. Postoperative pathology confirmed EBVaGC. After symptomatic treatment, the patient improved and was discharged from the hospital. One month after surgery, no disease progression was observed and the SOX regimen was administered. The patient tolerated the treatment well, and the next cycle of chemotherapy is currently planned. EBVaGC lacks specific clinical manifestations, and laboratory findings may be within normal ranges at the time of onset. Reliance solely on conventional gastroscopy and histopathological biopsy can easily lead to misdiagnosis and inappropriate treatment. Epstein-Barr virus-encoded RNA in situ hybridization is the core diagnostic modality for definitive diagnosis. This subtype generally has a favorable prognosis. However, for patients with high-risk pathological factors such as perineural invasion and tumor invasion into the muscularis propria, standardized postoperative individualized adjuvant therapy should be administered based on tumor stage and molecular profiles.",Journal of medical cases,2026,10.14740/jmc5353,https://pubmed.ncbi.nlm.nih.gov/42564213/,2026-09-07T00:41:49.032339+00:00
42551871,Comprehensive Computed Tomography Evaluation of Gastric Cancer: 2026 Consensus Recommendation From the Korean Society of Abdominal Radiology.,"Gastric cancer continues to be a significant global health challenge, particularly in East Asia, necessitating precise imaging for optimal management. Although multidetector computed tomography (MDCT) has become the primary tool for staging and response evaluation, clinical practice is hampered by a lack of standardized protocols and interpretation criteria. To address these needs, the Korean Society of Abdominal Radiology established a consensus-based guideline for gastric cancer CT. Using a modified Delphi process with a panel of experts, 10 key statements were developed and validated with a high level of agreement (≥80%). These recommendations emphasize the necessity of adequate gastric distention and a dedicated arterial phase to identify critical vascular variations, such as aberrant left hepatic arteries, for surgical planning. The guideline provides refined criteria for T, N, and M staging, including the use of multiplanar reformations and three-dimensional visualization to improve diagnostic accuracy. Furthermore, it introduces dedicated criteria for re-staging after chemotherapy, highlighting the differentiation of viable tumor from treatment-induced fibrosis. Finally, a risk-stratified approach for postoperative surveillance is proposed, suggesting that surveillance may be de-escalated in very-low-risk groups, such as pT1aN0 disease. These recommendations are intended to standardize CT practice and improve clinical decision-making in the management of gastric cancer.",Korean journal of radiology,2026,10.3348/kjr.2026.0885,https://pubmed.ncbi.nlm.nih.gov/42551871/,2026-09-07T00:41:49.032382+00:00
