record_id,title,abstract,keywords,doi,url,source_type,included
PMID:42657140,Early Gastric Cancer Detected During 15-year Surveillance After Ménétrier Disease Remission and Successfully Treated With Endoscopic Submucosal Dissection: A Case Report.,"Ménétrier disease (MD) was diagnosed based on hypoalbuminemia and giant gastric folds extending from the body to the fundus in a woman in her 70s. A serum anti-Helicobacter pylori antibody test and urea breath test yielded negative results. Remission was achieved with steroid therapy, and she was relapse-free with the use of a proton pump inhibitor. Annual esophagogastroduodenoscopy (EGD) was continued for gastric cancer surveillance. Fifteen years after the diagnosis of MD, a type 0-I well-differentiated tubular adenocarcinoma was detected on the posterior wall of the upper gastric body. EGD, computed tomography, and endoscopic ultrasonography revealed no findings suggestive of MD recurrence, and the lesion was considered intramucosal. Endoscopic submucosal dissection resulted in curative en bloc resection. Histopathology revealed no evidence of active MD. The patient remained free of MD relapse and gastric cancer recurrence. MD is characterized by giant gastric folds and protein-losing gastroenteropathy, and it is considered a risk factor for gastric cancer. However, reports of gastric cancer diagnosed at an early stage and treated endoscopically during long-term follow-up after clinical remission induced by medical therapy, as in the present case, are rare. This case highlights the importance of continued endoscopic surveillance for gastric carcinogenesis even after long-term clinical remission of MD.",publication; PubMed; gastric cancer; drug development,10.1002/deo2.70389,https://pubmed.ncbi.nlm.nih.gov/42657140/,publication,
PMID:42609944,Evaluation of Computer-aided Detection for Identifying Missed Gastric Cancer After Endoscopic Submucosal Dissection.,"Computer-aided detection (CADe) using deep learning is promising for reducing missed gastric cancers (MGCs) and supporting physicians in double-checking endoscopic images. We aimed to evaluate the CADe efficacy for MGCs after endoscopic submucosal dissection (ESD). We collected 2324 endoscopic images, including 60 of MGCs detected during surveillance esophagogastroduodenoscopy within 18 months after initial ESD. The performance of the CADe system, developed for early GC detection using deep learning, was compared with that of 10 endoscopists in a detection study using collected images. Per-lesion sensitivity, per-image detection performance, and diagnostic time were compared. The per-lesion sensitivity for MGCs was 15.0% (9/60) and 13.8% (83/600) for CADe and endoscopist detection, respectively (p = 0.538). The respective per-image computer-aided and endoscopist performance sensitivity was 11.3% and 10.6% (p = 0.548), specificity 88.5% and 94.8% (p < 0.001), positive predictive value 4.4% and 8.3%, and negative predictive value 95.7% and 96.0%. The per-image CADe time was significantly shorter (0.03 s vs. 2.86 s, p < 0.001). CADe showed higher sensitivity in certain subgroups, although these findings should be interpreted cautiously given the small sample size. No significant difference in sensitivity was observed between CADe and endoscopist detection for MGCs after ESD, and the absolute sensitivity remained low. Further improvements are needed before clinical implementation of CADe as a double-checking tool. The authors have confirmed clinical trial registration is not needed for this submission.",publication; PubMed; gastric cancer; drug development,10.1002/deo2.70357,https://pubmed.ncbi.nlm.nih.gov/42609944/,publication,
PMID:42524027,Benefit of Linked-Color Imaging in Artificial Intelligence-Assisted Diagnosis of Early Gastric Cancer: A Pilot Study With Propensity Score Adjustment.,"Artificial intelligence (AI)-assisted endoscopy represents a promising approach for lesion detection, yet frequent false-positive detections impair clinical utility by disrupting examinations and diminishing physician confidence. Linked-color imaging (LCI), an image-enhanced endoscopy technique that amplifies mucosal and vascular contrast, may address this limitation. This investigation evaluated whether LCI reduces false-positive AI detections compared with white-light imaging (WLI). This retrospective study analyzed consecutive AI-assisted upper endoscopies performed between March 2024 and June 2025. WLI and LCI were performed sequentially within the same endoscopic session in each patient. False-positive AI detections were compared between modalities using two computer-aided detection (CAD) versions. Propensity score adjustment was used as a sensitivity analysis for baseline differences between CAD Versions I and II. Of 66 initially screened cases, 63 remained after excluding patients with prior gastric surgery. LCI reduced false-positive AI detections compared with WLI (median 2 vs. 5; p < 0.001). In CAD version-stratified sensitivity analyses, LCI reduced false-positive AI detections in both Version I (5 to 2; p = 0.01) and Version II (2 to 0; p = 0.03). This reduction remained consistent across atrophic grades. Both imaging modalities identified all gastric lesions, achieving 100% detection sensitivity. LCI assessment performed after WLI observation yielded fewer false-positive CAD-EYE detections while maintaining lesion detection sensitivity. However, because the observation sequence was fixed, these findings should be interpreted cautiously and require confirmation in prospective or counterbalanced studies. Trial Registration: N/A (retrospective study).",publication; PubMed; gastric cancer; drug development,10.1002/deo2.70381,https://pubmed.ncbi.nlm.nih.gov/42524027/,publication,
PMID:42507757,Stress-specific 14-3-3-client modules in digestive cancers: an evidence-graded review of adaptive survival and therapy resistance.,"14-3-3 proteins are phosphoserine- and phosphothreonine-binding adaptors that regulate client localization, stability and activity under cellular stress. This narrative review synthesizes stress-specific 14-3-3-client modules in gastric, colorectal, pancreatic, hepatocellular and biliary cancers. Modules were classified as high, moderate, early/context-dependent or background according to mechanistic evidence, functional perturbation, client mapping, treatment-state validation and clinical association. In gastric cancer, G3BP stress granule assembly factor 1 (G3BP1) cooperates with YWHAZ-encoded 14-3-3ζ to retain pro-apoptotic Bax in the cytoplasm. In colorectal cancer, SFN-encoded 14-3-3σ restricts Yin Yang 1 (YY1), sustaining the unfolded protein response and chemotherapy tolerance. In pancreatic cancer, SFN-encoded 14-3-3σ interacts with Yes-associated protein 1 (YAP1) to promote ribonucleotide reductase expression and gemcitabine resistance. In hepatobiliary cancers, SFN-related modules support anoikis resistance but remain context dependent. Clinically relevant units are stress-specific 14-3-3-client complexes rather than total 14-3-3 expression.",publication; PubMed; gastric cancer; drug development,10.1080/15384047.2026.2710413,https://pubmed.ncbi.nlm.nih.gov/42507757/,publication,
PMID:41589618,Research progress on animal models of autoimmune gastritis.,"Autoimmune gastritis (AIG) is an autoimmune disease characterized primarily by the destruction of gastric parietal cell structure and atrophy of the gastric fundic and body mucosa. The global prevalence of AIG is approximately 3.85%. Its main complications include pernicious anemia, gastric neuroendocrine tumors, and gastric cancer, which pose significant health risks. Currently, targeted treatment options for AIG are lacking worldwide. Animal models of AIG are crucial for investigating its pathogenesis and for developing drug therapies. However, reproducible methods for establishing AIG animal models remain scarce. This article provides a systematic review of internationally employed methods for modeling AIG in animals. These methods are categorized and discussed based on the modeling approaches and mechanisms, including neonatal thymectomy, genetically modified animals such as TxA23 and Ctox mice, inducer-based methods such as H⁺/K⁺-ATPase immunization, viral infection, and combined modeling strategies. In addition, the types of modeling agents and the time required for model establishment are also examined. This review highlights existing challenges, such as the lack of uniform modeling standards and evaluation criteria, and aims to provide a foundation for further exploration of AIG.",publication; PubMed; gastric cancer; drug development,10.1080/08916934.2026.2620256,https://pubmed.ncbi.nlm.nih.gov/41589618/,publication,
PMID:42756594,Randomized phase II trial of zolbetuximab as second-line treatment in patients with claudin 18.2-positive advanced gastric/GEJ cancer with previous zolbetuximab exposure: ZELDA.,"Zolbetuximab, an anti-claudin 18.2 (CLDN18.2) monoclonal antibody, combined with fluoropyrimidine- and platinum-based chemotherapy, is established as first-line standard of care for patients with CLDN18.2-positive, human epidermal growth factor receptor 2-negative advanced gastric or gastroesophageal junction (GEJ) cancer, based on the phase III SPOTLIGHT and GLOW trials. However, evidence regarding the efficacy and safety of continuing zolbetuximab beyond disease progression remains lacking. Given reports that CLDN18.2 expression is maintained after chemotherapy and the absence of clearly established resistance pathways, continued CLDN18.2-targeted therapy in the second-line setting warrants investigation. To investigate whether the addition of zolbetuximab to second-line nab-paclitaxel plus ramucirumab improves overall survival (OS) in patients with CLDN18.2-positive advanced gastric or GEJ adenocarcinoma who have progressed with first-line zolbetuximab-based therapy. ZELDA (jRCTs071250038) is a multicenter, open-label, randomized phase II (rP2) trial conducted by the West Japan Oncology Group and Kyushu Study Group of Clinical Cancer in Japan. A safety lead-in part (n = 6) confirms the tolerability of the triplet combination (zolbetuximab + nab-paclitaxel + ramucirumab), followed by a rP2 trial (n = 210) with a 1 : 1 allocation to nab-paclitaxel + ramucirumab (arm A, control) or zolbetuximab + nab-paclitaxel + ramucirumab (arm B, experimental). The primary endpoint is OS in the full analysis set. Integrated translational research (ZELDA-TR) is also planned.",publication; PubMed; gastric cancer; drug development,10.1016/j.esmogo.2026.100416,https://pubmed.ncbi.nlm.nih.gov/42756594/,publication,
PMID:42740651,Impact of time from diagnosis to endoscopic resection on clinical outcomes in early gastric cancer.,"Whether a preoperative waiting period before endoscopic resection (ER) adversely affects early gastric cancer (EGC) outcomes remains unclear. This retrospective cohort evaluated whether delays up to 180 days impair oncological and pathological outcomes. We enrolled 1646 consecutive EGC patients who underwent curative ER between 2010 and 2023. Primary endpoints were overall survival (OS) and disease-free survival (DFS); secondary endpoints included positive resection margins, pathological upstaging, curative resection rate, and additional gastrectomy requirement. Analyses comprised Kaplan-Meier curves, multivariable Cox/logistic regression with time modeled categorically (<30 vs. ≥30 days) and continuously (per 10-day increment), plus restricted cubic spline (RCS) modeling. Sensitivity analysis was conducted after excluding high risk deep submucosal (SM2) lesions. Median waiting time was 15 days (IQR 11-23); only 2.3% waited >90 days. Linear and RCS analyses showed no independent adverse associations between delays within 180 days and any primary or secondary endpoint (all p > 0.05). Baseline characteristics were well balanced apart from marginal discrepancies in age and family history, which were adjusted in multivariate models. Sensitivity analysis excluding SM2 lesions reproduced consistent neutral survival findings. Preoperative waiting up to 180 days was not linked to worse EGC outcomes in this cohort. These exploratory results support reasonable 6-month deferral for preoperative assessment, but marked sample‑size imbalance among long-wait patients prevents definitive validation, requiring large prospective multicenter trials.",publication; PubMed; gastric cancer; drug development,10.1080/07853890.2026.2724695,https://pubmed.ncbi.nlm.nih.gov/42740651/,publication,
PMID:42708789,MiR-326 targets ETS1 to activate PI3K/Akt signaling and promote malignant phenotypes in gastric cancer cells.,"Gastric cancer (GC) remains a leading cause of cancer-related mortality worldwide and effective therapeutic targets remain limited. This study aimed to investigate the expression and functional role of miR-326 in gastric cancer, identify its direct target gene and elucidate the underlying molecular mechanisms involving the PI3K/Akt signaling pathway and the regulation of inflammatory cytokines. miR-326 expression was detected by qRT-PCR in 56 paired GC tissues and adjacent normal tissues, as well as in GC cell lines (SGC-7901, MKN-45, AGS) and normal GES-1 cells. CCK-8 assays, flow cytometry, Transwell migration/invasion assays and ELISA were performed to assess cell proliferation, apoptosis, migration/invasion and cytokine secretion. Dual-luciferase reporter assay and Western blotting were used to validate the target gene and pathway activation. miR-326 was significantly upregulated in GC tissues and cell lines. ETS1 was identified as a direct target of miR-326. Overexpression of miR-326 reduced ETS1 expression, activated the PI3K/Akt pathway (increased p-PI3K and p-AKT), promoted cell proliferation, migration and invasion, inhibited apoptosis and induced an imbalance of inflammatory cytokines (increased IL-6 and TNF-α; decreased IL-10 and IL-17). Co-overexpression of ETS1 or treatment with the PI3K inhibitor LY294002 reversed these effects. miR-326 promotes malignant phenotypes in gastric cancer cells by targeting ETS1, activating the PI3K/Akt signaling pathway, and inducing dysregulation of inflammatory cytokines. The miR-326/ETS1/PI3K/Akt axis may serve as a potential diagnostic biomarker and therapeutic target for gastric cancer.",publication; PubMed; gastric cancer; drug development,10.36721/PJPS.2026.39.12.335.1,https://pubmed.ncbi.nlm.nih.gov/42708789/,publication,
PMID:42636947,Cancer-associated fibroblast-derived vascular endothelial growth factor a promotes gastric cancer organoid growth and chemotherapy resistance via paracrine signaling.,"Cancer-associated fibroblasts (CAFs) are key components of the tumor microenvironment and can influence tumor progression and therapeutic response. However, whether functional heterogeneity of CAFs contributes to 5-fluorouracil (5-FU) resistance in gastric cancer remains unclear. Patient-derived organoids (PDOs) and matched CAFs were established from gastric cancer specimens and cocultured using a Transwell noncontact system. The effects of CAFs on PDO growth and chemotherapy response were evaluated. Candidate secreted factors were analyzed by qRT-PCR and ELISA. Gain- and loss-of-function experiments, together with transcriptomic and protein analyses, were performed to investigate the underlying mechanisms. A CAF-containing xenograft model was established to evaluate the therapeutic effects of VEGFA blockade combined with 5-FU treatment in vivo. CAFs derived from different patients exhibited marked functional heterogeneity in regulating PDO growth and chemotherapy response. A VEGFA-associated functional CAF state significantly promoted PDO proliferation and enhanced resistance to 5-FU. Vascular endothelial growth factor A (VEGFA) was identified as a key secreted factor that was significantly upregulated in these growth-promoting CAFs. Exogenous VEGFA recapitulated the pro-growth and anti-apoptotic effects observed, whereas VEGFA blockade attenuated CAF-mediated chemoprotective effects and enhanced PDO sensitivity to 5-FU. In vivo, bevacizumab improved the response of CAF-containing tumors to 5-FU treatment, supporting the therapeutic relevance of targeting CAF-derived VEGFA. These effects were driven by the activation of the PI3K/AKT-mTOR survival pathway in PDOs. A VEGFA-associated functional CAF state promotes gastric cancer organoid growth and chemoresistance through paracrine signaling, highlighting the CAF-VEGFA axis as a potential therapeutic target.",publication; PubMed; gastric cancer; drug development,10.1016/j.cellsig.2026.112837,https://pubmed.ncbi.nlm.nih.gov/42636947/,publication,
PMID:42569414,Eradicating Helicobacter pylori and reversing precancerous intestinal metaplasia by gastric epithelial cells-localizable oral nanomedicines.,"The ability to treat Helicobacter pylori (H. pylori) infection and eliminate its associated gastric cancer risk is highly desirable but has proven to be extremely difficult. In this study, pilot proteomic screening of clinical gastric mucosal samples suggested a progressive decline in Sirtuin 1 abundance along the H. pylori-associated pathological cascade. Based on these findings, gastric epithelial cells-localizable oral nanomedicines (GLONs) are developed, whereby H. pylori eradication and reversal of precancerous intestinal metaplasia (IM) are simultaneously achieved via Sirtuin 1 restoration. GLONs are constructed by coating resveratrol, lactoferrin, and disulfide modified-fucoidan (DFu) co-assembled nanoparticles (RLF) with engineered mucin-overexpressing gastric epithelial cell membranes. The shell of GLONs resists gastric acid, enhances mucus penetration and epithelial cells uptake. After internalization, DFu undergoes oxidative destabilization in the H2O2-enriched infectious microenvironment induced by H. pylori, thereby triggering RLF core dissociation and subsequent component release. The resveratrol restored H. pylori infection-induced impairment of Sirtuin 1, thereby activating autophagy. Meanwhile, lactoferrin promoted antimicrobial peptide production and synergized with fucoidan-mediated enhancement of antigen presentation, ultimately enabling the clearance of both intracellular and extracellular H. pylori. In metaplastic gastric cells, Sirtuin 1 repairs damaged DNA, and inhibits malignant proliferation. In mouse models, under the tested 7-day regimen, GLONs produced greater reductions in gastric H. pylori burden and more pronounced improvements in IM-related phenotypes than the abbreviated triple-therapy. GLONs represent an innovative and highly efficient therapeutic platform for H. pylori infection and its complications.",publication; PubMed; gastric cancer; drug development,10.1016/j.bioactmat.2026.07.030,https://pubmed.ncbi.nlm.nih.gov/42569414/,publication,
PMID:42466845,Intramuscular patient-derived xenografts achieve high engraftment rates in gastric cancer: implications for pharmacodynamic testing and genomic biomarker discovery.,"Gastric cancer (GC) exhibits marked inter-patient heterogeneity, limiting empirical chemotherapy efficacy. Patient-derived xenograft (PDX) models preserve the molecular features of parental tumors and can serve as pharmacodynamic surrogates, but conventional subcutaneous PDX suffers from low engraftment rates. This study evaluated an optimized intramuscular PDX platform for individualized drug testing in GC and applied whole exome sequencing (WES) for biomarker identification (Clinical trial registry: ChiCTR-OOC-17012731). Ninety-eight treatment-naive GC patients were enrolled between April 2018 and December 2020. Fresh tumor tissues were engrafted into NCG mice by intramuscular transplantation. Drug efficacy was evaluated using tumor cell necrosis rate and Ki-67 expression. WES was performed on 32 engrafted tumorgrafts to characterize driver mutations in fast- and slow-growing subgroups. An engraftment rate of 71.7% (43/60) was achieved, substantially exceeding rates reported in prior studies. Clinical characteristics were independent of engraftment success and outgrowth time (all p > 0.05). Fast- and slow-growing tumorgrafts diverged in frequently altered genes: KMT2C, APOB, CDK12 and MSH2 predominated in fast-growing grafts, whereas TP53, CHD3 and TET2 were enriched in slow-growing grafts. Slow-growing tumorgrafts correlated with longer progression-free survival (p = 0.02). PDX-guided treatment was associated with improved prognosis. Intramuscular transplantation into NCG mice yields high engraftment rates for GC PDX. PDX-guided chemotherapy selection is associated with favorable outcomes. Driver mutation divergence between fast- and slow-growing tumorgrafts provides candidate prognostic biomarkers.",publication; PubMed; gastric cancer; drug development,10.1080/07853890.2026.2680340,https://pubmed.ncbi.nlm.nih.gov/42466845/,publication,
PMID:42253411,Factors associated with psychological distress among newly diagnosed patients with gastric cancer: A cross-sectional study.,"To investigate the factors associated with psychological distress in patients newly diagnosed with gastric cancer. This study used a descriptive cross-sectional design. The participants were 173 patients newly diagnosed with gastric cancer who had not yet initiated any treatment. They were recruited from a tertiary hospital in South Korea between December 2023 and September 2025. Data were collected using self-administered questionnaires including the Brief Illness Perception Questionnaire, Supportive Care Needs Survey-Short Form 34, M.D. Anderson Symptom Inventory-Gastrointestinal Cancer Module, and the Hospital Anxiety and Depression Scale. Data were analyzed using descriptive statistics, Pearson's correlation, and hierarchical multiple regression. The mean psychological distress score was 12.8 ± 7.4 and 46.2% of participants were classified as having clinically significant psychological distress. Psychological distress was significantly positively correlated with illness perception, unmet care needs, and symptom severity. Hierarchical regression analysis revealed that illness perception (β = 0.41, P < 0.001), unmet care needs (β = 0.28, P < 0.001), and symptom severity (β = 0.16, P = 0.009) were significantly associated with psychological distress, collectively accounting for 52.6% of its variance. Psychological distress is common in newly diagnosed patients with gastric cancer. Customized nursing interventions aimed at addressing patients' illness perceptions, managing symptoms, and meeting supportive care needs even before treatment initiation may be beneficial for alleviating psychological distress and promoting better psychological adjustment.",publication; PubMed; gastric cancer; drug development,10.1016/j.apjon.2026.100981,https://pubmed.ncbi.nlm.nih.gov/42253411/,publication,
PMID:42163716,In vitro screening of compounds for targeting gastric cancer with Y220C p53 mutation: a molecule combining zinc chelation and a Michael acceptor drives CDKN1 and BBC3 expression to restore a p53-dependent cytotoxicity.,"Point mutations in p53 favour tumour aggressivity, particularly in gastric cancer (GC), and offer a target for small molecule-based anticancer treatments. This study focused on the p53-Y220C mutation, which causes p53 misfolding due to thermal instability associated with the creation of a pocket that may accommodate small molecules. This mutation also creates an additional free cysteine thiol group that may react with Michael acceptors. Using an integrated in silico and in vitro approach, four compounds (AG1, AG2, AG3, and RK349) were screened for potential reactivation of p53-Y220C in GC cells. AG3, a compound with zinc chelation and Michael acceptor properties, was found to induce p53 target gene expression via p53-dependent and -independent pathways. AG3 limited reactive oxygen species production, reducing toxicity to healthy cells. Furthermore, AG3 induced p53-dependent cytotoxicity and enhanced chemotherapy response. This study presents a novel compound with p53-Y220C reactivation potential, highlighting its promise for further development.",publication; PubMed; gastric cancer; drug development,10.1080/14756366.2026.2638836,https://pubmed.ncbi.nlm.nih.gov/42163716/,publication,
PMID:42157432,Photodynamic therapy: research progress and paradigm evolution from mechanism innovation to clinical breakthrough in cancers.,"FactsPhotodynamic therapy (PDT) is a minimally invasive anticancer modality based on the light-mediated activation of photosensitizers to generate reactive oxygen species and induce tumor cell death.PDT has demonstrated clinical efficacy in treating various tumor types, including esophageal cancer, gastric cancer, lung cancer, skin cancer, bladder cancer, cervical cancer, ovarian cancer, and glioblastoma.The antitumor effects of PDT are mediated not only by direct tumor cell killing but also by vascular damage, immunogenic cell death, and activation of antitumor immune responses.Nanotechnology-based photosensitizer delivery systems and tumor microenvironment modulation strategies have improved the targeting, oxygenation, and therapeutic efficacy of PDT.Combination strategies that integrate PDT with chemotherapy, radiotherapy, targeted therapy, and immunotherapy are an important way to enhance clinical efficacy and overcome treatment resistance.Open QuestionsHow can photosensitizer selectivity, tumor accumulation, and tissue penetration be further improved to enhance PDT efficacy while minimizing off-target toxicity?What are the optimal light parameters, drug-light intervals, and dosimetry standards for different tumor types and treatment settings?How can tumor hypoxia and oxygen depletion during PDT be effectively overcome in deep-seated or poorly vascularized tumors?What is the optimal timing and sequencing of PDT combined with immunotherapy, chemotherapy, or radiotherapy to maximize the antitumor effect?How can large-scale, multicenter clinical trials be designed to standardize PDT protocols and validate their long-term efficacy, safety, and clinical applications? Photodynamic therapy is a noninvasive anticancer treatment that uses light-activated photosensitizers to generate reactive oxygen species. However, its clinical efficacy is severely limited by tumor hypoxia and rapid oxygen depletion during the type II photochemical reaction. To address these challenges, we synthesized data from randomized controlled trials and meta-analyses published between 2000 and 2025. Our review shows that photodynamic therapy significantly increases survival rates in patients with malignant pleural effusion and achieves high complete response rates in patients with esophageal and gastric cancers. However, a risk-of-bias assessment reveals limitations in study design regarding blinding and sample size. Crucially, we identify gas-mediated therapies as the next paradigm shift. This review discusses emerging strategies to overcome tumor hypoxia and improve the efficacy of photodynamic therapy. These strategies include oxygen-generating nanoplatforms, tumor microenvironment modulation, and combination approaches with chemotherapy, radiotherapy, and immunotherapy. Additionally, we discuss the critical role of sequential immunotherapy and propose standardized dosimetry protocols that report irradiance and drug-light intervals. These protocols aim to facilitate global regulatory harmonization and clinical reproducibility.",publication; PubMed; gastric cancer; drug development,10.4103/mgr.MEDGASRES-D-25-00315,https://pubmed.ncbi.nlm.nih.gov/42157432/,publication,
PMID:42107079,Internalization of Helicobacter pylori into gastric epithelial cells: mechanisms and intervention strategies.,"The internalization H. pylori into gastric epithelial cells may play a critical role in pathogenicity and evasion of antibacterial agents. However, many issues remain elusive. This review aimed to summarize the researches on H. pylori internalization and its associated intervention strategies. This descriptive review systematically analyzed studies in this field. BabA and SabA mediate H. pylori internalization, correlating with invasion into normal and inflammatory/neoplastic tissues, respectively. H. pylori invades gastric epithelial cells via zipper-like (spiral strains) and trigger (coccoid strains) pathways, rather than the single zipper-like mechanism conventionally recognized. Post-internalization, H. pylori reside in autophagosomes containing large and small vacuoles, distinct from the intracellular localization of Listeria monocytogenes and Salmonella spp. It proliferates within 12-24 h independent of virulence factors and is subsequently cleared. VacA⁺ strains exhibit lower intracellular clearance rates and a linear decline compared with VacA⁻ strains. Multiple toxins and molecular targets cooperatively mediate autophagy suppression via multipathway regulation. Probiotics, natural medicines, polymeric compounds and sonodynamic therapy represent promising interventions with translational potential. Critical knowledge gaps remain regarding the direct association between H. pylori internalization and eradication failure, invasion into non-gastric cancer cells, and the undefined intracellular survival time window of wild-type strains. Unlike other bacteria, H. pylori invades gastric epithelial cells via two pathways and evades intracellular immunity through specific toxins. However, knowledge gaps persist. Future research should focus on these gaps and promote the translational application of potential interventions.",publication; PubMed; gastric cancer; drug development,10.1080/07853890.2026.2668865,https://pubmed.ncbi.nlm.nih.gov/42107079/,publication,
PMID:41937349,NSUN2 as an emerging epigenetic regulator in cancer: from biomarker to therapeutic target.,"NOL1/NOP2/SUN domain family member 2 (NSUN2), a member of the RNA methyltransferase family responsible for catalysing 5-methylcytosine (m5 C) modifications, has been increasingly recognized as a key regulatory factor in the initiation and progression of cancer. A growing body of evidence indicates that NSUN2 is aberrantly expressed in multiple malignancies, such as hepatocellular carcinoma, breast cancer, and gastric cancer, where its overexpression is frequently associated with unfavourable clinical outcomes, increased tumour aggressiveness, and resistance to therapy. Through its m5C modification activity, NSUN2 influences RNA stability, translational efficiency, and molecular interaction networks, thereby modulating critical oncogenic signalling pathways, including Wnt/β-catenin, PI3K/AKT, and epithelial-mesenchymal transition (EMT). Moreover, NSUN2 has been shown to interact with non-coding RNAs and epigenetic regulatory factors, contributing to the remodelling of the tumour microenvironment and facilitating immune evasion. Although NSUN2 is predominantly characterized by its tumour-promoting functions, emerging studies also suggest context-specific tumour-suppressive roles, highlighting its functional complexity in cancer biology. This review aims to summarize recent advances in understanding the molecular mechanisms underlying NSUN2 function, its clinical significance, and its potential as a biomarker or therapeutic target, while also discussing the challenges in translating these findings into clinical practice. A deeper understanding of NSUN2's diverse roles in carcinogenesis may provide novel insights into RNA epigenetics and inform the development of innovative strategies for cancer diagnosis and treatment.",publication; PubMed; gastric cancer; drug development,10.1080/15476286.2026.2655695,https://pubmed.ncbi.nlm.nih.gov/41937349/,publication,
PMID:41824631,The mouse gastric surface epithelial cell and its response to early Helicobacter pylori infection.,"Helicobacter pylori infection is the main risk factor for gastric cancer. H. pylori easily develop antibiotic resistance and evade host defenses. In-depth knowledge of the first barrier that H. pylori encounter, the gastric surface mucus-producing epithelial cells (SMCs), may enable improved treatment and prevention. This study aimed to characterize SMC gene expression, mucus glycosylation, and identify how H. pylori colonization affects these parameters. The glycosylation of eight H. pylori-infected and eight sham control mice was characterized by mass spectrometry. SMCs from five infected and five sham control mice were extracted with laser microdissection (LCM) and sequenced with RNA sequencing (RNA-Seq). SMCs were characterized by high gene expression for proteins secreted into mucus (Tff1, Gkn1, Gkn2, Psca, and Muc5ac), mitoribosome RNA, and cytoskeleton proteins. Mucin glycans were large, complex, heavily fucosylated, and dense with H-antigen motifs. Two main glycosylation pathways ending in H-antigen glycans were identified and corroborated with glycosyltransferase expression. Glycosylation was consistent between H. pylori-infected and sham control mice. RNA-Seq data was analysed for differential gene expression, gene set enrichment analysis, and network analysis of functionally-related genes. The analyses revealed that genes required for protein synthesis and oxidative phosphorylation were down-regulated in infected mice. Most up-regulated genes were either interferon-stimulated genes or able to induce interferon production themselves. Depletion of Nkx6-3 occurred in the infected mice, indicating initiation of a pre-cancerous cascade. LCM RNA-Seq of SMCs was thus feasible and enabled characterization of the SMC and definition of a gene set showing how H. pylori infection affects SMCs.",publication; PubMed; gastric cancer; drug development,10.1080/21505594.2026.2645859,https://pubmed.ncbi.nlm.nih.gov/41824631/,publication,
PMID:41742891,Tertiary lymphoid structures guided opportunities and challenges for immunotherapy in early gastroesophageal junction cancer and low rectal cancer.,"Early-stage gastroesophageal junction cancer (GEJC) and low rectal cancer (LRC) pose a dilemma: surgery is often curative yet may cause lasting functional loss. Emerging data suggest that early tumors tend to exhibit an immune-active microenvironment with greater tertiary lymphoid structures (TLS) density and maturity, whereas advanced disease is frequently marked by immunosuppressive signaling, vascular and metabolic barriers, and attenuated TLS function. This review synthesizes stage-dependent immune ecology and evaluates how TLS biology may inform immunotherapy in early GEJC and LRC. We highlight opportunities for organ preservation in selected patients and key constraints: few trials in early-stage tumor, uncertain applicability beyond MSI-H or dMMR, limited performance of current biomarkers, challenges in assessing pathologic complete response, and the need for standardized surveillance when surgery is deferred. Overall, TLS-guided selection and rational microenvironment-modulating combinations appear promising, but replacing surgery should be confined to trials with rigorous endpoints and quality-of-life evaluation.",publication; PubMed; gastric cancer; drug development,10.1080/21645515.2026.2631238,https://pubmed.ncbi.nlm.nih.gov/41742891/,publication,
PMID:41569265,Development and validation of a predictive model for high-risk immune-related adverse events in gastric cancer patients treated with ICIs.,"Immune checkpoint inhibitors (ICIs) may cause immune-related adverse events (irAEs), ranging from mild to life-threatening. High-risk irAEs can lead to treatment discontinuation and higher mortality, though ICI-treated patients' death rate is under 5%. Currently, no reliable biomarkers predict irAEs' occurrence or severity. This study investigates the link between accessible biomarkers and high-risk irAEs in gastric cancer patients on ICIs, as well as to develop and assess a predictive model for such events. Data were collected from patients with gastric cancer who received ICIs therapy between May 2020 and March 2025. The incidence and risk factors associated with irAEs were analyzed using the chi-square test or the Mann-Whitney U test. Univariate and multivariate logistic regression analyses were conducted to develop a predictive model. This model was validated through 10-fold cross-validation and assessed using the area under the receiver operating characteristic curve (AUC), sensitivity, specificity, positive predictive value (PPV), and negative predictive value (NPV), calibration curves, and decision curve analysis. A total of 184 gastric cancer patients receiving ICIs therapy were enrolled in this study. The incidence of irAEs of any grade was 21.2%, while the incidence of grade ≥3 irAEs was 12.5%. Multivariate logistic regression analysis identified NLR-1 (p < .001), NLR2-1 (p < .001), PLR-1 (p = .001), tumor thickness (p = .018), CV (p = .001), and intratumoral necrosis (p = .028) as independent predictors of grade ≥3 irAEs. The AUC of the developed model was 0.878, with a sensitivity of 78.26%, specificity of 80.12%, PPV of approximately 80.95%, and NPV of approximately 75.52%. The corrected C-index, derived from bootstrap resampling, was 0.849, and both calibration curves and decision curve analysis confirmed good calibration and clinical utility. These predictors may aid risk stratification and optimized patient management.",publication; PubMed; gastric cancer; drug development,10.1080/21645515.2025.2610907,https://pubmed.ncbi.nlm.nih.gov/41569265/,publication,
PMID:41521567,Cost-effectiveness analysis of sugemalimab plus chemotherapy for the first-line treatment of advanced gastric cancer or gastroesophageal junction cancer.,"The GEMSTONE-303 trial demonstrated the significant efficacy and safety of sugemalimab plus chemotherapy (S + C) as first-line treatment for patients with advanced gastric cancer (GC) or gastroesophageal junction cancer (GEJC). To evaluate the cost-effectiveness of S + C for advanced GC/GEJC from the perspective of the Chinese healthcare system. A partitioned survival model with a 3-week cycle was created to evaluate the cost-effectiveness of S + C compared to placebo plus chemotherapy (P + C) as the first-line treatment for advanced GC/GEJC. Total costs, quality-adjusted life years (QALYs), and incremental cost-effectiveness ratios (ICERs) as the primary outputs. Sensitivity analyses were performed to evaluate the uncertainty and stability of model parameters. Additionally, subgroup and scenario analyses were conducted. The base-case analysis revealed that the total costs of S + C ($89,510.52) was $49,907.43 higher than that P + C ($39,603.10). However, it also increased the QALYs by 0.29 (1.27 QALYs vs. 0.98 QALYs), with an ICER of $170,440.21/QALY, which was higher than the willingness-to-pay of $40,334.05/QALY. Sensitivity analyses demonstrated that the cost of sugemalimab, utility of progression-free survival and the discount rate had a greater impact on the model. Subgroup analyses indicated that S + C was more cost-effective in patients with advanced GC/GEJC with programmed cell death ligand 1 combined positive score ≥10. Compared to P + C, S + C is currently not an economically viable option for first-line treatment of advanced GC/GEJC in China.",publication; PubMed; gastric cancer; drug development,10.1080/21645515.2025.2611471,https://pubmed.ncbi.nlm.nih.gov/41521567/,publication,
PMID:41511857,The therapeutic potential of targeting LYAR in gastric cancer.,"To investigate the expression of Ly1 antibody-reactive clone (LYAR) in gastric cancer (GC) tissues and predict potential drugs targeting its sensitivity. We assessed the standardized mean difference (SMD) of LYAR mRNA expression across 20 GC datasets (1,804 GC samples, 858 normal tissues) using multi-center high-throughput data, in-house immunohistochemistry, and CCLE cell expression data. Clinical and pathological relevance of LYAR was evaluated using metrics such as receiver operating characteristic curve, sensitivity, specificity, and likelihood ratios. Additionally, upstream transcriptional regulation and enrichment analyses were performed, and drug sensitivity analysis identified potential drugs for high LYAR expression. LYAR expression was significantly upregulated in GC (SMD: 1.20, 95% CI: 0.89-1.51). The area under the curve was 0.89 (95% CI: 0.86-0.92), with sensitivity 0.74 (95% CI: 0.66-0.81) and specificity 0.89 (95% CI: 0.82-0.94). MYC potentially enhances LYAR expression, promoting GC progression. High LYAR expression indicates sensitivity to AZD compounds. LYAR overexpression promotes GC progression and tumorigenesis, suggesting its potential as a therapeutic target.",publication; PubMed; gastric cancer; drug development,10.1080/20565623.2025.2610163,https://pubmed.ncbi.nlm.nih.gov/41511857/,publication,
PMID:42248374,Huangqi Jianzhong decoction inhibits CRC invasion through the modulation of BCLAF1-mediated glycolysis.,"Huangqi Jianzhong decoction (HQJZ) is a well-known traditional Chinese medicine used to treat gastrointestinal diseases because of its beneficial effects on Qi and the spleen. Its potential effect on gastric cancer has also been well demonstrated, but its multitarget mechanisms in the treatment of CRC remain unclear, limiting its scientific development. This study aimed to clarify the role and specific mechanism of HQJZ in combating CRC and identify the key proteins it modulates and the specific mechanism involved. We performed cellular function experiments to validate the effects of HQJZ on CRC cell activity, apoptosis, proliferation, migration and invasion. Network pharmacology was combined with differential proteomics to identify key modulated proteins. Western blot, immunofluorescence and lactic acid assays were used to clarify the specific mechanism involved. The suppressive effects of HQJZ on the proliferation, migration and invasion of CRC cells were verified. By combining network pharmacology and differential proteomics, we identified BCL2-associated transcription factor 1 (BCLAF1) as one of the key proteins involved in the inhibition of the CRC malignant phenotype by HQJZ. Mechanistic studies revealed that HQJZ associating with BCLAF1 to inhibit glycolytic metabolism and lactic acid production in CRC cells and increase programmed cell death ligand 1 (PD-L1) expression on CRC cell membranes. We reveal that HQJZ inhibits CRC malignancy. Modulating and inhibiting BCLAF1-mediated glycolysis to increase PD-L1 expression on CRC cell membranes may affect the sensitivity of CRC cells to immunotherapy, but further study is needed. Our study provides new insights into the treatment of CRC by HQJZ.",publication; PubMed; gastric cancer; drug development,10.1016/j.jep.2026.121940,https://pubmed.ncbi.nlm.nih.gov/42248374/,publication,
PMID:42633192,psiTPTE22-HERV functions as a tumor suppressor by inhibiting PI3K/AKT/mTOR/EIF4E signaling.,"psiTPTE22-HERV is a human-specific gene with unexplored functions. This study investigated its regulation, molecular mechanism, and clinical significance in gastric cancer. psiTPTE22-HERV expression was consistently down-regulated in primary tumors and cancer cell lines across various cancer types, including gastric cancer, as indicated by TCGA data and quantitative PCR analysis. Its down-regulation in gastric cancer cells is mediated by promoter methylation, confirmed through bisulfite genomic sequencing, with expression restored following demethylation treatment. A progressive reduction in psiTPTE22-HERV expression was observed from normal stomach mucosa to adjacent non-tumor tissues and primary tumors, along with increased methylation. psiTPTE22-HERV inhibited cancer cell viability, clonogenicity, cell cycle progression, migration, and invasion while promoting apoptosis. It also suppressed subcutaneous tumor growth and distant metastasis in mice. Transcriptomic analysis revealed that psiTPTE22-HERV disrupted PI3K/AKT/mTOR signaling. Western blotting confirmed that psiTPTE22-HERV reduced protein levels of PI3K, p-AKT, and mTOR. This led to the down-regulation of EIF4E and EIF4EBP1, oncogenic protein synthesis genes and effectors of mTOR signaling, as well as p-EIF4EBP1(Thr70), which is regulated by mTOR. Notably, psiTPTE22-HERV expression was inversely correlated with EIF4E, EIF4EBP1, and p-EIF4EBP1 (Thr70) in gastric tumors (all P < 0.001). Multivariate analysis revealed that psiTPTE22-HERV expression in primary gastric tumors independently predicted survival (P = 0.027). Kaplan-Meier survival analysis showed that low psiTPTE22-HERV expression was associated with shortened survival in gastric cancer patients (P = 0.0009). Overall, psiTPTE22-HERV plays a tumor-suppressive role by inhibiting the PI3K/AKT/mTOR/EIF4E pathway, and its down-regulation serves as an independent marker for poor prognosis in gastric cancer patients.",publication; PubMed; gastric cancer; drug development,10.1016/j.gendis.2025.101915,https://pubmed.ncbi.nlm.nih.gov/42633192/,publication,
PMID:42503372,"Glycoprotein nonmetastatic B as a pharmacological target in cancer: structural mechanisms, druggability, and therapeutic translation.","The malignant progression of cancer depends not only on oncogenic driver mutations but also on the adaptive rewiring of organelle stress responses that sustain cell survival under hostile tumor microenvironment (TME) conditions. Among these, the hijacking of lysosomal homeostasis has emerged as a critical vulnerability and a driver of therapeutic resistance. Glycoprotein nonmetastatic B (GPNMB), a highly glycosylated type I transmembrane protein predominantly localized to lysosomes, is robustly upregulated across multiple cancer types as an adaptive responder to lysosomal stress. In tumors, GPNMB drives proliferation, metastasis, and immune evasion by engaging multiple oncogenic signaling cascades, while simultaneously shaping an immunosuppressive TME through CD8+ T cell exhaustion and cytokine networks. Clinically, high GPNMB expression correlates with poor prognosis in breast cancer, hepatocellular carcinoma (HCC), lung cancer, glioblastoma (GBM), gastric cancer (GC), and osteosarcoma (OS), positioning it as both a prognostic biomarker and a therapeutic target. The GPNMB-directed antibody-drug conjugate (ADC) glembatumumab vedotin (GV) has demonstrated clinical activity in triple-negative breast cancer (TNBC) and melanoma, yet its efficacy remains constrained by target expression heterogeneity, the reliance on lysosomal trafficking for payload release, and dose-limiting toxicities. Emerging strategies, including bispecific antibodies, immunotoxins, and senolytic elimination of GPNMB-high damaged cells, are expanding the therapeutic landscape. This review dissects the molecular mechanisms, pathological roles, and evolving clinical applications of GPNMB in cancer, highlighting current challenges and future directions for precision oncology.",publication; PubMed; gastric cancer; drug development,10.1016/j.bcp.2026.118289,https://pubmed.ncbi.nlm.nih.gov/42503372/,publication,
PMID:42491364,Therapeutic resistance in cancer: lncRNAs as modulators and targets for cancer therapy.,"Therapeutic resistance continues to be a significant challenge in cancer treatment, often leading to tumor recurrence, metastasis, and limited therapeutic efficacy despite advancements in chemotherapy and radiotherapy. This resistance arises from complex molecular mechanisms that are influenced by various factors, including genetic alterations, epigenetic modifications, and cellular signaling. Recently, lncRNAs, a subclass of non-coding RNAs, have gained prominence for their essential role in driving cancer progression and mediating resistance to therapy. The resistance phenotype is shaped by lncRNAs through the regulation of key signaling pathways, DNA repair mechanisms, and cellular survival processes. For example, lncRNAs such as HOTAIR and MALAT1 are involved in the regulation of PI3K/AKT, EMT, and DNA repair pathways, and influence cell proliferation, apoptosis, and metastasis. These findings underscore the potential of lncRNAs as therapeutic targets. Targeting lncRNA-mediated pathways offers a promising approach to overcome resistance and enhance the efficacy of existing therapies. This review provides an in-depth analysis of the molecular mechanisms by which lncRNAs mediate resistance in various cancers, such as gastric cancer, lung cancer, breast cancer, and hepatocellular carcinoma. By focusing on the therapeutic potential of lncRNAs, we propose new avenues for overcoming resistance and improving treatment outcomes in cancer therapy.",publication; PubMed; gastric cancer; drug development,10.1016/j.gendis.2025.101990,https://pubmed.ncbi.nlm.nih.gov/42491364/,publication,
PMID:42462522,Structural and molecular insights into Helicobacter pylori CagA-SHP2 complex: From pathogenic signaling to targeted therapeutic opportunities in gastric cancer.,"Gastric cancer (GC) remains a major global health burden, ranking as the fifth most common malignancy worldwide. Helicobacter pylori (H. pylori) is strongly implicated in gastric carcinogenesis and was classified as a Class 1 carcinogen by the World Health Organization (WHO) in 1994. Among H. pylori virulence factors, cytotoxin-associated gene A (CagA) plays a pivotal oncogenic role by modulating host signaling pathways through highly specialized molecular interactions utilizing the CagA multimerization (CM) and EPIYA motifs. Following translocation into gastric epithelial cells (GECs) via the type IV secretion system (T4SS), tyrosine phosphorylation at EPIYA motifs ensures aberrant interaction between CagA and the host Src homology 2 domain-containing phosphatase 2 (SHP2). This interaction represents a unique host-pathogen crosstalk mechanism that functionally mimics oncogenic PTPN11 gain-of-function mutations, resulting in sustained activation of MAPK/ERK and focal adhesion kinase (FAK) pathways, cytoskeletal reorganization, increased cellular motility, and the characteristic hummingbird phenotype. This review aims to summarize current knowledge on the structural and functional interplay between CagA and SHP2 and its role in gastric carcinogenesis, while broadly addressing how geographic diversity in CagA variants shapes the interaction and its consequences. It further discusses the broader oncogenic impact of CagA-driven signaling alterations, including emerging evidence for a hit-and-run oncogenic mechanism, and their relevance to disease progression and prevention strategies. The CagA-SHP2 axis emerges as a central pathogenic hub in H. pylori-associated gastric carcinogenesis and an attractive pharmacological target for the development of mechanism-based therapeutic strategies for the disease.",publication; PubMed; gastric cancer; drug development,10.1016/j.micres.2026.128632,https://pubmed.ncbi.nlm.nih.gov/42462522/,publication,
PMID:42419650,DEK recruits KAT6A regulate H3K27ac/c-myc axis to drive enhanced glycolysis and immune escape in gastric cancer.,"Increased glycolytic activity and immune evasion mechanisms in gastric cancer represent significant impediments to therapeutic advancements. In this study, KAT6A was strikingly upregulated in both gastric cancer tissues and cell lines and was significantly associated with malignant phenotypes and shorter survival periods. We have demonstrated that KAT6A upregulates acetylated histone levels, thereby increasing the transcriptional activity of genes, including HK2, PDL1, and CD47. This consequently promotes elevated glycolytic flux and facilitates immune evasion. Notably, for the first time, we discovered that DEK plays a crucial synergistic role in the activation of H3K27ac by KAT6A and that the knockout of DEK can rescue the related effects of overexpressing KAT6A. Moreover, knockdown of KAT6A and DEK suppressed malignant phenotypes in gastric cancer cells, including proliferation, invasion, and migration, while enhancing macrophage phagocytic function and CD8+ T-cell activity. Moreover, combined treatment with KAT6A inhibition and an anti-CD47 agent has excellent therapeutic efficacy. These findings reveal the regulatory mechanism through which KAT6A and DEK cooperate to regulate glycolysis levels and immune escape in gastric cancer and provide therapeutic targets and promising treatment strategies for tumor intervention.",publication; PubMed; gastric cancer; drug development,10.1016/j.freeradbiomed.2026.07.014,https://pubmed.ncbi.nlm.nih.gov/42419650/,publication,
PMID:42402266,B3GNT2 promotes gastric cancer metastasis by facilitating membrane trafficking of RYK via N-glycosylation.,"Gastric cancer (GC) is characterized by a high metastatic propensity, which constitutes the primary cause of poor patient prognosis. Receptor-like tyrosine kinase (RYK) is associated with GC metastasis, but its regulatory mechanism remains unclear. Primary and metastatic GC tissues, together with their matched adjacent non-tumor samples, were collected. GC cell models were established to systematically evaluate the driver role of RYK in GC metastasis. We further integrated clinical specimens, GC cell models, and a mouse model of GC liver metastasis, and combined immunohistochemistry, real-time quantitative PCR, Western blot, flow cytometry, immunofluorescence, wound-healing assays, 3D sphere invasion assays, and co-immunoprecipitation to elucidate the biological functions and molecular mechanisms of RYK in GC metastasis. RYK expression was higher in both primary and metastatic tumor tissues than in adjacent normal tissues. Overexpression of RYK markedly enhanced the invasion and migration capacities of GC cells and induced epithelial-to-mesenchymal transition; blocking its membrane localization promptly attenuated this pro-metastatic effect. Mechanistically, β-1,3-N-acetylglucosaminyltransferase 2 (B3GNT2) bound to RYK and catalyzed its N-glycosylation, thereby promoting RYK trafficking to the plasma membrane. In GC cell models and a liver-metastasis mouse model, GC cells overexpressing B3GNT2 displayed significantly increased metastatic ability, whereas treatment with an N-glycosylation inhibitor effectively suppressed this phenomenon. B3GNT2 promotes the trafficking of RYK to the plasma membrane of GC cells by mediating its N-glycosylation, thereby driving GC metastasis.",publication; PubMed; gastric cancer; drug development,10.1016/j.bbadis.2026.168347,https://pubmed.ncbi.nlm.nih.gov/42402266/,publication,
PMID:42378852,SENP1 drives glycolytic reprogramming to promote malignant progression of gastric cancer via deSUMOylation of HIF-1α.,"Sentrin/SUMO-specific protease 1 (SENP1), a key deSUMOylating enzyme, stabilizes hypoxia-inducible factor 1-alpha (HIF-1α) to promote tumor aerobic glycolysis. This study aims to determine whether SENP1 drives malignant progression in gastric cancer (GC) through glycolytic reprogramming. SENP1 and HIF-1α expression levels and their association with patient prognosis were analyzed using the GEPIA2.0 database. Clinical GC tissues were collected, and mRNA/protein expression levels were measured. SENP1 knockdown and overexpression models were established. Malignant phenotypes and glycolytic flux were assessed. SENP1-HIF-1α interaction and SUMOylation levels were determined. A subcutaneous xenograft model in nude mice was used for in vivo validation. SENP1 was upregulated in GC tissues and correlated with poor overall survival. SENP1 knockdown suppressed GC cell proliferation, colony formation, migration, and invasion, while promoting apoptosis. Conversely, SENP1 overexpression exerted opposing effects. Moreover, SENP1 depletion reduced glycolytic activity, as indicated by decreased glucose uptake, lactate release, ATP content, and expression of key glycolytic genes. Treatment with DMOG, which stabilizes HIF-1α, partially restored glycolytic activity and mitigated the malignant phenotypes driven by SENP1 knockdown. In vivo, SENP1 silencing impeded tumor growth and downregulated expression of HIF-1α, Ki-67, and key glycolytic genes. SENP1 may de‑SUMOylate HIF-1α, thereby driving glycolysis and malignant progression in GC cells. The SENP1‑HIF‑1α axis may play an important role in the metabolic reprogramming of GC, indicating that this axis could be a promising target for future metabolic interventions.",publication; PubMed; gastric cancer; drug development,10.1016/j.tice.2026.103703,https://pubmed.ncbi.nlm.nih.gov/42378852/,publication,
PMID:42580433,IL-15 superagonists for reprogramming the immunosuppressive microenvironment in gastrointestinal adenocarcinomas.,"Gastrointestinal (GI) adenocarcinomas pose a significant therapeutic challenge due to highly immunosuppressive tumor microenvironments that limit effective antitumor immune responses. Dense stromal fibrosis, immune exclusion and poor responses to immune checkpoint inhibitors are hallmarks of treatment-resistant malignancies, most notably pancreatic ductal adenocarcinoma (PDAC) and subsets of gastric cancer. In this regard, IL-15 superagonists such as N-803, NIZ985, RLI, and NKTR-255 have emerged as promising immunotherapeutic candidates, as they selectively expand natural killer (NK) cells and CD8+ T-cells without the systemic toxicity and regulatory T-cell activation observed with IL-2 therapy. IL-15 superagonists have emerged as more effective therapeutic agents when used in conjunction with local inhibitors of TGF-β and IL-10, stromal remodeling, and vascular normalization. They are supported by increasingly conclusive mechanistic, preclinical and early clinical data. A combination of these interventions circumvents extracellular matrix-provoked immune barriers, reverses VEGF-induced endothelial dysfunction, and enhances the trafficking of lymphocytes into tumor cores. Moreover, several localized therapeutic delivery strategies, such as endoscopic delivery, implantable depots, biomaterial scaffolds, and nanocarriers, can improve intratumoral cytokine retention and reduce systemic inflammatory toxicity. Together, these advances define a new paradigm for cytokine-immunotherapy: IL-15 superagonists serving as key mediators of reprogramming of the tumor microenvironment. Therapeutic strategies targeting IL-15 have the potential to restore cytotoxic immunity, improve access to immune cells, and promote responsiveness to the checkpoint blockade, making them a promising yet investigational approach to converting immune-cold GI malignancies into more treatment-responsive disease states, though further clinical validation is required.",publication; PubMed; gastric cancer; drug development,10.1016/j.canlet.2026.218780,https://pubmed.ncbi.nlm.nih.gov/42580433/,publication,
PMID:42567470,Pharmacologic inhibition of SOX9-CDK4 by CYD-4-61 impairs gastric adenocarcinoma growth and amplifies anti-PD-1 response.,"Gastric adenocarcinoma (GAC) remains a leading cause of cancer-related mortality, particularly in patients with peritoneal carcinomatosis, for whom effective therapies are limited. We investigated the therapeutic efficacy and molecular mechanism of CYD-4-61, a BAX activator, using human GAC cell lines, patient-derived xenograft models, genetically engineered mouse models, and a syngeneic mouse model. CYD-4-61 potently inhibited tumor cell proliferation, induced apoptosis, and suppressed cancer stem cell-like properties, with enhanced activity in radiation-resistant GAC cells. Mechanistically, CYD-4-61 activated the BAX-caspase pathway, leading to SOX9 protein reduction. Integrated bulk and single-cell transcriptomic analyses identified SOX9-dependent transcriptional programs as major targets of CYD-4-61. Functional rescue experiments together with chromatin immunoprecipitation and CUT&RUN analyses supported CDK4 as a SOX9-regulated gene and demonstrated suppression of the SOX9-CDK4 regulatory axis following CYD-4-61 treatment. In multiple preclinical models, CYD-4-61 significantly inhibited tumor growth and improved the therapeutic response to anti-programmed cell death protein 1 (PD-1) therapy while modulating the tumor immune microenvironment. Clinically, co-expression of SOX9 and CDK4 was associated with diffuse-type GAC and poor patient outcomes. These findings identify the BAX-SOX9-CDK4 axis as an important mechanism contributing to the antitumor activity of CYD-4-61 and provide a strong preclinical rationale for its further development as a therapeutic strategy for aggressive GAC.",publication; PubMed; gastric cancer; drug development,10.1016/j.canlet.2026.218777,https://pubmed.ncbi.nlm.nih.gov/42567470/,publication,
PMID:42479944,LC-MS/MS-Based Phytochemical Characterization of Cakile maritima Methanol Extract and Its Photodynamic Anticancer Activity in Gastric Cancer Cells.,"In this study, the phytochemical composition, in vitro anticancer activity, photodynamic therapy (PDT) activity, and molecular interaction potential with carbonic anhydrase IX (CA IX) of Cakile maritima methanol extract were evaluated. LC-MS/MS analysis identified 11 compounds among 35 screened phytochemicals, with fumaric acid (13797.19 ppb), ferulic acid (771.37 ppb) and p-coumaric acid (601.95 ppb) accounting for approximately 97% of the total content. Molecular docking results demonstrated that sinapic acid (-6.13 kcal/mol) and quinic acid (-6.11 kcal/mol) exhibited the highest binding affinities toward CA IX. Cell culture studies revealed that LogIC50 values differed significantly among cell lines (p < 0.0001). PDT applied to the MKN-28 gastric cancer cell line significantly enhanced cytotoxicity compared with the control group, with the highest photodynamic efficacy observed under green-light irradiation (p < 0.0001). These findings indicate that C. maritima methanol extract exhibits light-enhanced cytotoxicity in MKN-28 gastric cancer cells and warrant further investigation regarding its potential photosensitising properties.",publication; PubMed; gastric cancer; drug development,10.1002/rcm.70143,https://pubmed.ncbi.nlm.nih.gov/42479944/,publication,
PMID:42673704,Older adults with resectable gastric cancer undergoing perioperative chemotherapy or preoperative chemoradiotherapy plus perioperative chemotherapy: A secondary analysis of the AGITG TOPGEAR phase III trial.,"To evaluate treatment adherence, adverse events, and survival in older (≥70 years) adults undergoing perioperative treatment for gastric cancer. Patients with resectable gastric/gastro-esophageal junction adenocarcinoma (ECOG 0-1) enrolled in the phase III TOPGEAR trial were randomized to perioperative chemotherapy (ECF/ECX or FLOT) alone or perioperative chemotherapy plus preoperative chemoradiotherapy (45 Gy in 25 fractions with concurrent fluoropyrimidine). In this exploratory analysis, treatment completion, grade ≥ 3 adverse events (CTCAE v3.0), surgical outcomes, overall survival (OS) and progression-free survival (PFS) were compared between older and younger adults. Of the 574 patients enrolled, 135 (24%) were ≥ 70 years. Older adults more frequently required preoperative chemotherapy dose reductions, omissions, or delays (chemoradiotherapy: 55% vs 35%, p = 0.004; chemotherapy: 60% vs 48%, p = 0.087). Rates of grade ≥ 3 adverse events were comparable between older and younger patients (chemoradiotherapy: 66% vs 67%, p = 0.874; chemotherapy: 68% vs 59%, p = 0.220), but older adults more often had hematologic toxicity and grade ≥ 3 diarrhea in the chemotherapy group (56% vs 37%, p = 0.006; 21% vs 6%, p < 0.001). Resection rates, grade 3/4 surgical complications, number of removed lymph nodes, and 30-/90-day mortality were similar by age. OS and PFS were comparable across age groups, with numerically favorable outcomes for older adults (OS: HR 0.86, 95% CI 0.58-1.26 [chemoradiotherapy]; HR 0.75, 95% CI 0.51-1.11 [chemotherapy]; PFS: HR 0.78, 95% CI 0.53-1.15 [chemoradiotherapy]; HR 0.70, 95% CI 0.47-1.03 [chemotherapy]). Older adults with gastric cancer achieved comparable oncologic outcomes to younger patients, despite more frequent treatment modifications and higher hematologic toxicity.",publication; PubMed; gastric cancer; drug development,10.1016/j.ejca.2026.117005,https://pubmed.ncbi.nlm.nih.gov/42673704/,publication,
PMID:42520516,"Machine learning, WGCNA and molecular docking identify SLC transporter genes as biomarkers and drug targets in Helicobacter pylori-associated carcinogenesis.","Solute carrier (SLC) family genes govern transmembrane transport and cellular metabolism, yet their systematic roles from Helicobacter pylori infection to gastric cancer (GC) remain undefined. By integrating multiple GEO datasets with weighted gene co-expression network analysis, differential expression, and machine learning algorithms, we identified seven core SLC genes (SLC9A9, SLC43A2, SLC16A6, SLC7A14, SLC28A3, SLC4A11, SLC5A2) for H. pylori infection and nine (SLC1A3, SLC2A3, SLC15A3, SLC19A3, SLC2A12, SLC16A4, SLC25A4, SLC9A7, SLC28A3) for GC. Logistic regression models achieved high diagnostic accuracy (AUC = 0.976 and 0.874, respectively). Immune infiltration analysis revealed distinct correlation patterns: SLC4A11 and SLC5A2 associated with activated mast cells, neutrophils, and M2 macrophages in infection, while SLC1A3 and SLC2A3 correlated broadly with M1/M2 macrophages and activated CD4+ T cells in GC. Enrichment analyses confirmed involvement in transmembrane transport, immune-related pathways, and cancer signaling. Transcription factor prediction identified CEBPB, RELB, and STAT5A as key upstream regulators. Molecular docking demonstrated strong binding affinities between SLC proteins and repurposable compounds (3'-azido-3'-deoxythymidine, CHEMBL1182312, quinine). This study provides the first systematic characterization of SLC family expression across the H. pylori-GC continuum, identifying potential diagnostic biomarkers and therapeutic targets that warrant further experimental validation.",publication; PubMed; gastric cancer; drug development,10.1016/j.bioorg.2026.110296,https://pubmed.ncbi.nlm.nih.gov/42520516/,publication,
PMID:42730213,Chemoradiotherapy Is Associated With Improved Overall Survival in Intestinal-Type Gastric Cancer: A Retrospective Analysis.,"Gastric cancer (GC) is a leading cause of cancer-related deaths globally, and intestinal GC accounts for more than 50% of GC cases. However, there are no studies on chemoradiotherapy effects for intestinal GC in a large population in the last 30 years. In this research, data of patients with intestinal GC between 1988 and 2017 were obtained from the Surveillance, Epidemiology, and End Results (SEER) database. Disparities in the survival by decade, age, gender, race, and therapy within the considered period were analyzed by Kaplan-Meier curves. The effect of chemoradiotherapy on survival was evaluated using a multivariable Fine-Gray regression model. The results showed that, in general, an upward trend in the incidence of intestinal-type GC was observed. There were certain gender and ethnic differences in the incidence and survival of intestinal GC patients. Chemotherapy or radiotherapy can significantly influence survival of patients, and the effects were significantly associated with the age and stage of patients but not with gender or race; older patients and those with distant lesions showed poor survival. Furthermore, chemotherapy combined with radiotherapy can more effectively improve patients' survival, compared with radiotherapy or chemotherapy alone. Chemoradiotherapy can more effectively improve patients' survival, compared with radiotherapy or chemotherapy alone.",publication; PubMed; gastric cancer; drug development,10.14740/wjon2797,https://pubmed.ncbi.nlm.nih.gov/42730213/,publication,
PMID:42730210,Siglec-15 Expression in Gastric Carcinoma and Its Association With Clinicopathological Variables.,"Gastric cancer remains the fifth most common malignancy worldwide and is often diagnosed at advanced stages with limited treatment options. Although immunotherapy targeting the programmed cell death protein-1 (PD-1)/programmed death-ligand 1 (PD-L1) has improved outcomes in several cancers, many patients exhibit resistance, necessitating alternative therapeutic strategies. Sialic acid-binding immunoglobulin-like lectin-15 (Siglec-15), a recently recognized immune suppressor, is overexpressed in tumor cells and tumor-associated macrophages (TAMs), and is largely absent from normal tissues, making it a promising immunotherapy target. This tissue microarray (TMA) study retrospectively collected formalin-fixed paraffin-embedded (FFPE) tissue specimens from 2015 to 2019 for 77 gastric cancer patients from King Hussein Cancer Center. Siglec-15 expression patterns in tumor cells and TAMs were analyzed and compared with clinicopathological features and patient outcomes. Survival was assessed using Kaplan-Meier analysis. Siglec-15 expression was detected in 50.7% of tumor samples and 36.4% of TAMs. Membranous expression was significantly associated with tumor differentiation, with higher expression observed in moderately differentiated tumors (P = 0.048), while cytoplasmic and TAM expression showed no significant associations with clinical variables. Although not statistically significant, positive Siglec-15 expression-both membranous and cytoplasmic-was associated with shorter median overall survival (cytoplasmic: 30.62 vs. 74.92 months, P = 0.1790; membranous: 39.44 vs. 66.07 months, P = 0.5761). Established prognostic indicators such as age, clinical stage, and pT stage were significantly associated with overall survival. Siglec-15 is frequently expressed in gastric cancer and may contribute to immune evasion within the tumor microenvironment. Although no significant association with prognosis was found, its high expression underscores its potential as a novel immunotherapeutic target. Further studies are warranted to validate these findings and explore Siglec-15 clinical utility.",publication; PubMed; gastric cancer; drug development,10.14740/wjon2749,https://pubmed.ncbi.nlm.nih.gov/42730210/,publication,
PMID:42669571,Ivonescimab in combination with chemotherapy in advanced or metastatic gastric cancer (GC) or esophagogastric junction cancer (EGJC): The UCGI 52 - GRACIE trial.,"While the addition of Ivonescimab to chemotherapy has demonstrated promising results in non-small cell lung cancer compared with chemotherapy alone, its efficacy as a first- or second-line treatment in advanced/metastatic gastric cancer remains to be established. GRACIE aims to evaluate the efficacy and safety of Ivonescimab combined with FOLFOX chemotherapy as first-line treatment (Arm-1) or as second-line when combined with paclitaxel or irinotecan or FOLFIRI following progression (Arm-2), in patients with advanced/metastatic gastric cancer and esophageal adenocarcinoma, regardless of actionable targets' presence (PD-L1/HER2/CLDN-18.2). This multicenter, two-arm, non-randomized, open-label exploratory phase II study is recruiting 88 patients, with an Eastern Cooperative Oncology Group (ECOG) performance status of 0-1, over 18 French centers. The primary objective is the Objective Response Rate (ORR) after central review according to RECIST v1.1 in HER2- and CLDN-18.2-negative, treatment-naïve patients (Arm-1) and patients with a single previous line for advanced disease, regardless of biomarkers expression (Arm-2). Secondary objectives are investigator-assessed ORR, Duration-of-Response, Progression-Free Survival, Overall Survival, time to ECOG performance status deterioration, Safety and Quality-of-life. GRACIE will provide crucial information about Ivonescimab plus chemotherapy regimens efficacy either as a first- or second-line treatment in molecularly defined advanced/metastatic gastric and esophageal adenocarcinomas to inform future phase III trials. EU-CTIS: 2025-520694-39-00, ClinicalTRials.gov: NCT06846346.",publication; PubMed; gastric cancer; drug development,10.1016/j.dld.2026.08.003,https://pubmed.ncbi.nlm.nih.gov/42669571/,publication,
PMID:42644014,"Effect of perioperative nutritional status, inflammatory response and postoperative chemotherapy on survival after gastrectomy for advanced gastric cancer.","Despite the availability of numerous perioperative prognostic indicators for advanced gastric cancer, their relative predictive accuracy has not been compared. The present study investigated the association of these indicators and postoperative chemotherapy with patient survival in advanced gastric cancer. A total of 142 patients with stage II-IV gastric cancer who underwent gastrectomy with R0/R1 resection were examined. The preoperative modified Glasgow prognostic score (mGPS), controlling nutritional status score, CRP-to-albumin ratio, prognostic nutritional index and neutrophil-to-lymphocyte ratio was calculated. Postoperative serum CRP was evaluated as the CRPmax. Postoperative chemotherapy was administered according to the Japanese Gastric Cancer Treatment Guidelines. Patients were divided into chemotherapy and no chemotherapy groups, followed by propensity score matching to adjust for background factors. The endpoints were relapse-free survival (RFS) and overall survival (OS). Prognostic factors were evaluated using the Cox proportional hazard model. The OS and RFS were found to be improved in the chemotherapy group compared with the no chemotherapy group (P<0.05) and in the low mGPS group compared with the high mGPS group (P<0.05). Stepwise regression analysis identified the mGPS as the most reliable preoperative marker for both OS and RFS. Cox analysis of the matched groups revealed that postoperative chemotherapy was an independent prognostic factor for RFS and that mGPS was an independent prognostic factor for OS. A preoperative CRP of <0.3 mg/dl and a low mGPS score were found to be independent prognostic factors for RFS in the chemotherapy group. Overall, postoperative chemotherapy was found to reduce recurrence in advanced gastric cancer, while the preoperative mGPS was a strong prognostic marker for OS. Improving the preoperative mGPS may therefore improve both OS and the effectiveness of postoperative chemotherapy, but future large-scale studies are needed.",publication; PubMed; gastric cancer; drug development,10.3892/ol.2026.15823,https://pubmed.ncbi.nlm.nih.gov/42644014/,publication,
PMID:42630705,Claudin-18.2: Molecular mechanisms to clinical translation in solid tumors (Review).,"Claudin 18.2 (CLDN18.2) is a functional subtype generated by alternative splicing of the CLDN18 gene. It is aberrantly overexpressed in a variety of gastrointestinal solid tumors such as gastric cancer and pancreatic cancer, and has emerged as a promising target for tumor targeted therapy. To date, zolbetuximab, a monoclonal antibody targeting CLDN18.2, has demonstrated survival benefits in phase III clinical trials. Antibody-drug conjugates, bispecific antibodies and chimeric antigen receptor T cell therapies also exhibit favorable application potential. Nevertheless, multiple challenges remain in this field. Distinction between CLDN18.1 and CLDN18.2 subtypes is often ambiguous, and the lack of unified immunohistochemistry testing criteria, including antibody selection and specimen types, leads to conflicting findings on prognostic research. Additionally, intratumoral heterogeneity, differential functions across tumor types and tumor microenvironment limitations further compromise the efficacy of targeted therapy. As a narrative review, this article systematically elaborates the molecular structure, expression regulatory mechanisms and clinicopathological value of CLDN18.2. Based on the data of 58 global clinical trials, it analyzes the current status, existing problems in testing standardization and drug development. Future directions are proposed, including standardizing detection protocols, developing differentiated drugs, optimizing combination regimens and overcoming drug resistance, aiming to provide references for the clinical translation and standardized application of CLDN18.2-targeted therapies.",publication; PubMed; gastric cancer; drug development,10.3892/ol.2026.15814,https://pubmed.ncbi.nlm.nih.gov/42630705/,publication,
PMID:42627081,Molecular classification and precision therapy in gastric cancer: Current advances and future perspectives (Review).,"The emergence of molecular classifications for gastric cancer (GC), The Cancer Genome Atlas (TCGA) and Asian Cancer Research Group (ACRG), has advanced targeted and immunotherapies, but their clinical translation faces real‑world obstacles including high cost, tissue availability, standardization, and intratumoral heterogeneity. The present review critically compares the two classification systems regarding prognostic utility across geographic populations and boundary conflicts, noting that ACRG is more operable in East Asian populations whereas TCGA is better suited for mechanistic exploration. Focusing on acquired resistance as a core bottleneck in precision therapy, mechanisms underlying anti‑Human Epidermal Growth Factor Receptor 2 (HER2) resistance and primary/secondary resistance to immune checkpoint inhibitors (ICIs) were systematically dissected, while also addressing immune‑related adverse events and pseudo‑/hyperprogression. Moreover, non‑immune elements of the tumor microenvironment deserve attention: Cancer‑associated fibroblasts limit drug penetration and promote epithelial‑mesenchymal transition through physical barriers and paracrine signaling; metabolic reprogramming (high glycolysis and glutamine addiction) impairs chemotherapy and ICI efficacy via an acidic microenvironment and metabolic competition. Finally, multi‑target combination strategies are envisioned based on pathway redundancy, along with liquid biopsy‑driven dynamic adaptive therapy and single‑cell/spatial multi‑omics integration for precise microenvironment intervention. The present review aims to offer a systematic reference for moving GC precision therapy from static subtyping toward dynamic, multi‑dimensional integration.",publication; PubMed; gastric cancer; drug development,10.3892/or.2026.9180,https://pubmed.ncbi.nlm.nih.gov/42627081/,publication,
PMID:42627075,Autophagy: Mechanisms and therapeutic perspectives in intestinal metaplasia (Review).,"Intestinal metaplasia (IM) represents a key stage in the progression of gastric mucosal lesions to gastric cancer, marked by a complex molecular pathogenesis and a lack of effective interventional strategies. Autophagy, a key mechanism for maintaining cell homeostasis, is closely associated with the onset and progression of IM. The present review aimed to summarize the role of autophagy in IM by integrating its association with risk factors and pathogenic mechanisms. The present study evaluated the impact of autophagy on inflammation, immune responses and cellular fate determination during IM. The present study summarized potential autophagy‑mediated therapeutic agents for IM treatment and future research directions and existing limitations, aiming to provide novel insight for preventing and managing this premalignant condition.",publication; PubMed; gastric cancer; drug development,10.3892/mmr.2026.13999,https://pubmed.ncbi.nlm.nih.gov/42627075/,publication,
PMID:42602872,131I-labeled engineered hybrid cell membrane biomimetic nanocarrier targets gastric cancer and enhances radioimmunotherapy.,"Achieving efficient radiolabeling and targeted delivery is essential to maximize therapeutic efficacy and reduce systemic toxicity. Herein, we report a novel radionuclide-delivery platform based on hybrid membranes derived from fusing liposome with statherin engineered macrophage membranes and gastric cancer cell (MFC) membranes. The obtained 131I-lipo@[RAW-MFC] nanoparticles (131I-LipRM) exhibit high-yield, stable radiolabeling and homologous tumor targeting. Using a gastric cancer model, we assess the biodistribution and therapeutic potential of 131I-LipRM alone and combine with anti-PD-L1 therapy. 131I-LipRM show favorable pharmacokinetics and efficient tumor localization, inducing significant tumor cell damage and growth suppression. Furthermore, the combination of 131I-LipRM with anti-PD-L1 therapy has synergistically enhanced T cell-mediated immune responses, promoted CD8+ T cell infiltration, and prolonged survival relative to monotherapies. These findings demonstrate that the 131I-LipRM platform enables precise radionuclide delivery and potentiates antitumor immunity through PD-L1 blockade, presenting a promising avenue for radio-immunotherapy.",publication; PubMed; gastric cancer; drug development,10.1016/j.mtbio.2026.103533,https://pubmed.ncbi.nlm.nih.gov/42602872/,publication,
PMID:42585893,Lymph node response ratio complements tumor regression grade in prognostic stratification after neoadjuvant therapy for gastric cancer.,"Tumor regression grade (TRG) is widely used to evaluate pathological response after neoadjuvant chemotherapy (NAC) for locally advanced gastric cancer (LAGC), but it may not adequately reflect nodal response. We investigated the prognostic value of the lymph node response ratio (LNRR), a novel indicator of nodal response, and its complementary role to TRG. We retrospectively analyzed 505 patients with clinically node-positive LAGC who underwent NAC followed by curative gastrectomy. LNRR was defined as the relative change between pretreatment clinically positive lymph node burden and postoperative pathological metastatic lymph node burden. Associations between LNRR, pathological response, and overall survival (OS) were evaluated using logistic regression, Kaplan-Meier analysis, Cox regression, and comparative prognostic performance analyses. LNRR was significantly associated with pathological response, with progressively higher values observed across worsening TRG categories (P < 0.001). In multivariable logistic regression, poor pathological response remained independently associated with high LNRR (TRG 2: OR 2.77, 95% CI 1.68-4.57; TRG 3: OR 3.19, 95% CI 1.88-5.39; both P < 0.001). Patients with high LNRR had significantly worse OS than those with low LNRR. On multivariable Cox analysis, high LNRR remained independently associated with inferior OS (HR 2.01, 95% CI 1.44-2.79; P < 0 0.001). Combined LNRR-TRG classification provided better prognostic discrimination than either parameter alone. Patients with high LNRR and poor TRG had the worst survival outcomes, whereas persistently high LNRR identified patients with unfavorable prognosis even among those with favorable TRG. LNRR reflects treatment-induced nodal response and provides prognostic information complementary to conventional TRG assessment. Combined evaluation of LNRR and TRG may improve postoperative risk stratification in patients with LAGC after NAC. Further validation in independent multicenter cohorts is warranted before routine clinical application.",publication; PubMed; gastric cancer; drug development,10.1016/j.suronc.2026.102530,https://pubmed.ncbi.nlm.nih.gov/42585893/,publication,
PMID:42577638,Spatial specificity of Epstein-Barr virus infection in gastric cancer: A 44-case clinicopathological analysis.,"Epstein-Barr virus (EBV) is detected in ~10% of gastric cancer (GC) cases, but whether it directly drives carcinogenesis or merely colonizes established tumors remains unclear. The present study aimed to characterize the clinicopathological features and infection patterns of EBV-positive GC (EBVaGC) and to explore their translational implications. EBV-encoded RNA in situ hybridization was performed to identify EBVaGC cases among 456 patients with GC. Immunohistochemistry was used to assess Ki-67, proliferating cell nuclear antigen (PCNA) and claudin 18.2 (CLDN18.2) expression. Clinicopathological characteristics and survival data were analyzed. Of the 456 patients, 44 (9.6%) were EBV-positive. EBVaGC predominantly occurred in men and often presented as focal ulcerative masses with diverse histologies. No significant differences were observed in terms of age, tumor size, tumor/node stage, or long-term prognosis between EBV-positive and -negative groups (P>0.05), although EBV-positive patients showed better short-term outcomes (defined as 12-month survival rate; P=0.046). Notably, EBV infection was spatially restricted, being detected in cancer cells and in a subset of adjacent high-grade intraepithelial neoplasia (HGIN) tissues (25%), but absent in all non-neoplastic gastric mucosal cells examined, including chronic gastritis, low-grade intraepithelial neoplasia without concurrent GC and high-grade intraepithelial neoplasia (HGIN) without concurrent GC. Ki-67, PCNA and CLDN18.2 expression did not differ by EBV status. In conclusion, EBV infection in GC exhibits a unique spatial pattern, present in neoplastic but not normal epithelium, suggesting it may be a late event rather than a direct etiological driver. This infection pattern provides a rationale for EBV-directed targeted therapies, as the virus could serve as a tumor-specific molecular marker.",publication; PubMed; gastric cancer; drug development,10.3892/etm.2026.13254,https://pubmed.ncbi.nlm.nih.gov/42577638/,publication,
PMID:42555988,Exploring potential anti-gastric cancer mechanisms of Rhizoma Paridis through integrated computational and experimental analyses.,"Gastric cancer (GC) remains a leading cause of cancer-related mortality worldwide, especially in advanced stages with limited treatment efficacy. Rhizoma Paridis (RPS), a traditional Chinese medicinal herb, has shown promising antitumor activity, yet its potential anti-GC mechanisms have not been systematically investigated. An integrated computational and experimental framework was established to explore the anti-GC activity and potential mechanisms of RPS. First, the active compounds of RPS and their corresponding targets were identified using UPLC, LC-MS analysis and machine learning (Ml)-driven data mining. Then, the key target genes were determined by the gradient boosting algorithms and their associations with GC were investigated by the deconvolution algorithms, unsupervised clustering and dimensionality reduction methods. Further, the potential compound-target interactions and the mechanism of RPS for treating GC were supported by the molecular docking, Molecular dynamics (MD) simulations, in vivo and in vitro experiments. A total of 118 phytochemicals were identified from RPS, from which 40 candidate bioactive compounds and six hub genes, i.e., BAX, BCL2, VEGFA, KDR, CASP3 and CTNNB1 were prioritized. Functional enrichment analyses suggested that these targets were mainly associated with apoptosis, angiogenesis and Wnt/β-catenin-related signaling pathways. Transcriptomic, prognostic, immune infiltration and single-cell analyses further supported their relevance in GC. Docking and MD simulations indicated favorable binding stability between representative compounds and the key targets. Experimental studies demonstrated that RPS inhibited GC cell proliferation and tumor growth, accompanied by apoptosis-related and angiogenesis-associated molecular changes. RPS exhibits significant anti-GC activity and may exert its effects through the coordinated regulation of apoptosis-, angiogenesis- and Wnt/β-catenin-associated pathways. This study provides a systems-level framework integrating computational analyses with biological validation to investigate the pharmacological effects of complex herbal medicines and offers mechanistic insights into the anti-GC potential of RPS.",publication; PubMed; gastric cancer; drug development,10.1016/j.phymed.2026.158588,https://pubmed.ncbi.nlm.nih.gov/42555988/,publication,
PMID:42547554,Midkine-activated TRPA1+ cancer-associated fibroblasts promote immunotherapy resistance in gastric cancer through a WNT5A-mediated treg circuit.,"Gastric cancer (GC) derives limited benefit from immune checkpoint blockade (ICB), in part due to stromal-mediated immune suppression. To investigate the underlying mechanisms, we performed single-cell RNA sequencing on 14 GC specimens from patients treated with neoadjuvant ICB. We identified a distinct subset of TRPA1+ cancer-associated fibroblasts (CAFs) maintained by tumor-derived midkine (MDK) through LEF1-dependent transcription under ICB pressure. These TRPA1+ CAFs drive immunosuppression by secreting WNT5A, which polarizes SPP1+ macrophages and subsequently promotes the accumulation of CD25 + FOXP3+ regulatory T cells (Tregs) in the tumor microenvironment. Disrupting this stromal-myeloid-lymphoid axis via WNT5A inhibition or SPP1+ macrophage depletion reduced Treg infiltration and enhanced the antitumor efficacy of anti-PD-L1 therapy in vivo. Our study unveils an MDK-TRPA1 + CAF-mediated mechanism of ICB resistance in GC and highlights the WNT5A-SPP1+ macrophage pathway as a promising target to overcome immunotherapy resistance.",publication; PubMed; gastric cancer; drug development,10.1038/s41388-026-03947-x,https://pubmed.ncbi.nlm.nih.gov/42547554/,publication,
PMID:42542057,Tanshinone I as a novel ferritinophagy inducer triggers ferroptosis to suppress gastric cancer growth.,"Gastric cancer (GC) remains a major global health challenge, underscoring the urgent need for effective therapeutic strategies. Ferritinophagy-driven ferroptosis has recently emerged as a promising anticancer approach; however, potent pharmacological inducers and their modes of action remain largely unexplored. This study aimed to investigate whether Tanshinone I (Tan I), a bioactive diterpenoid quinone, exerts antitumor effects against GC via ferritinophagy-dependent ferroptosis and to elucidate its underlying molecular mechanism. Ferroptosis induction was evaluated using pharmacological rescue assays, flow cytometry, confocal microscopy, and transmission electron microscopy. Mechanistic investigations were conducted through quantitative proteomics, immunofluorescence staining, immunoblotting, and analyses of protein stability and ubiquitination. Target identification and validation were employed using limited proteolysis-mass spectrometry, cellular thermal shift assay, drug affinity responsive target stability, computational modeling, co-immunoprecipitation, and genetic manipulation. The antitumor efficacy of Tan I was further evaluated in orthotopic and patient-derived xenograft (PDX) models. Tan I was identified as a potent inducer of ferroptosis and ferritinophagy in GC cells, as demonstrated by increased labile ferrous iron and lipid reactive oxygen species, characteristic mitochondrial abnormalities, and partial reversal of Tan I-induced cytotoxicity by ferroptosis inhibitors. Mechanistically, Tan I disrupted the interaction between the E3 ubiquitin ligase HUWE1 and the ferritinophagy cargo receptor NCOA4, thereby attenuating HUWE1-mediated ubiquitination and proteasomal degradation of NCOA4. Stabilization of NCOA4 enhanced ferritin turnover, resulting in iron overload, lipid peroxidation, mitochondrial dysfunction, and ultimately ferroptotic cell death. Notably, HUWE1 knockdown mimicked the key ferroptotic phenotypes induced by Tan I, whereas HUWE1 overexpression or NCOA4 knockdown mitigated these effects. Importantly, Tan I significantly suppressed tumor growth in both orthotopic and PDX models at well-tolerated doses while concomitantly activating ferritinophagy- and ferroptosis-associated markers in vivo. By targeting the HUWE1-NCOA4 axis, Tan I induced ferritinophagy-dependent ferroptosis and exerted potent antitumor activity against GC, highlighting its potential as a lead compound for ferroptosis-based cancer therapies.",publication; PubMed; gastric cancer; drug development,10.1016/j.phymed.2026.158645,https://pubmed.ncbi.nlm.nih.gov/42542057/,publication,
PMID:42541491,Epitranscriptomic Regulation of ALDOA by SHMT2-Mediated m6A Modification Drives Gastric Cancer Malignancy.,"Gastric cancer (GC) remains a leading cause of cancer-related mortality worldwide, with limited therapeutic advancements despite progress in early detection. Serine hydroxymethyltransferase 2 (SHMT2), a key metabolic enzyme, and fructose-1,6-bisphosphate aldolase A (ALDOA), a glycolytic enzyme, are implicated in tumor progression. However, the molecular mechanisms linking SHMT2 and ALDOA in GC remain unclear. This study investigates how SHMT2 regulates ALDOA expression via m6A RNA modification to drive GC malignancy. Bioinformatic analyses (TCGA, LinkedOmics, and SRAMP) were used to assess SHMT2 expression in GC patients and identify its correlated genes. In vitro experiments (CCK-8, EdU, Transwell, and wound healing) evaluated the effects of SHMT2 overexpression or knockdown on GC cell proliferation, migration, invasion, and glycolysis. m6A modification of ALDOA was analyzed via MeRIP-PCR and dual-luciferase assays, while RNA stability was assessed using actinomycin D treatment. Xenograft models validated SHMT2's role in vivo. SHMT2 was upregulated in GC tissues and cell lines, correlating with advanced tumor stages and poor prognosis. SHMT2 knockdown suppressed GC cell viability, migration, invasion, and glycolysis, while overexpression enhanced these traits. Mechanistically, SHMT2 increased S-adenosylmethionine levels, promoting ALDOA m6A modification, likely mediated through the predicted site 1 (position 291). This modification stabilized ALDOA mRNA via IGF2BP1 recognition, an m6A reader. ALDOA overexpression reversed the tumor-suppressive effects of SHMT2 knockdown. In vivo, SHMT2 depletion reduced tumor growth and Ki67 expression in xenograft models. In conclusion, SHMT2 drives GC progression by enhancing ALDOA expression through m6A modification and IGF2BP1-mediated stabilization. Targeting the SHMT2-ALDOA axis represents a promising therapeutic strategy for gastric cancer.",publication; PubMed; gastric cancer; drug development,10.1002/mc.70160,https://pubmed.ncbi.nlm.nih.gov/42541491/,publication,
PMID:42532357,Temporal and spatial molecular heterogeneity of gastric cancer: Roles of post-translational modifications.,"Gastric cancer (GC) is a multifactorial disease responsible for significant global mortality, with approximately 1 million deaths annually. Its progression is governed by diverse molecular mechanisms, particularly protein post-translational modifications (PTMs), which play pivotal roles in either promoting or suppressing tumorigenesis. With the advent of spatiotemporal molecular omics, increasing emphasis has been placed on elucidating the temporal and spatial heterogeneity of GC. In this review, we systematically outline the temporal heterogeneity of GC across different developmental stages, integrating underlying mechanisms such as PTMs, including lactylation, ubiquitination, SUMOylation, which are the most associated ones influencing GC's spatiotemporal heterogeneity. Furthermore, we delineate the spatial heterogeneity of GC through comparative analyses of distinct features, such as proximal versus distal GC, primary versus metastatic lesions, superficial versus deep regions within primary tumors, and gastric mucus-secreting versus non-mucus-secreting adenocarcinoma. By synthesizing key molecular mechanisms and regulatory factors, this review aims to provide valuable insights for clinical practice, facilitating the advancement of precision medicine strategies-biomarker-guided therapy selection and spatial profiling for surgery planning, etc.",publication; PubMed; gastric cancer; drug development,10.1016/j.bbcan.2026.189671,https://pubmed.ncbi.nlm.nih.gov/42532357/,publication,
PMID:42532356,Tumor-associated neutrophils crosstalk with non-cancerous components of the gastrointestinal tumor microenvironment.,"Gastrointestinal cancer progression is dictated by a dynamic and complex interaction between malignant cells and the non-malignant components of the tumor microenvironment. The unifying axis of this intercellular network is the functional reprogramming of stromal and immune cells. While tumor-associated neutrophils are known to play pivotal roles in gastrointestinal tissue tumorigenesis, research has rarely looked beyond their isolated functions. There is a critical gap in understanding the broader crosstalk through which neutrophils and neighboring non-malignant cells mutually alter each other's behavior to drive gastrointestinal malignancy. Here, we synthesize current knowledge regarding the interactions between neutrophils and non-malignant cellular components of the tumor microenvironment in gastrointestinal cancers, emphasizing direct cellular interactions, indirect pathways and their consequences. Ultimately, elucidating this network is critical to understanding the dynamics of gastrointestinal cancer progression, predicting treatment responses, and developing targeted and more effective therapies.",publication; PubMed; gastric cancer; drug development,10.1016/j.bbcan.2026.189670,https://pubmed.ncbi.nlm.nih.gov/42532356/,publication,
PMID:42532225,Exploiting the weak link: Ataxia-Telangiectasia Mutated dysfunction in oesophagogastric tumours.,"ATM (ataxia-telangiectasia mutated) is a central regulator of the DNA damage response, coordinating double-strand break repair, checkpoint control, and cell fate decisions. Its disruption drives genomic instability and has been implicated across multiple tumour types. In oesophagogastric cancers, ATM alterations occur in a clinically relevant subset of cases, encompassing both somatic and germline events, and are associated with distinct molecular features including reduced co-occurrence with TP53 mutations and elevated homologous recombination deficiency scores. This narrative review synthesises published literature and publicly available genomic databases to examine ATM biology, the spectrum of ATM alterations across oesophageal adenocarcinoma, oesophageal squamous cell carcinoma, and gastric cancer subtypes, and the challenges of defining true ATM deficiency. The therapeutic implications of ATM dysfunction are evaluated across radiotherapy, platinum-based chemotherapy, ATR inhibition, and PARP inhibition. ATM alterations are detected in approximately 6% of tumours pan-cancer and in up to 10% of oesophagogastric cases. Defining ATM deficiency remains challenging, as immunohistochemistry, next-generation sequencing, and functional assays each carry distinct limitations. ATR inhibition emerges as the most consistently supported therapeutic strategy, with converging preclinical and early clinical evidence across oesophagogastric models. By contrast, available data do not support treating ATM deficiency as equivalent to BRCA-like homologous recombination deficiency, and PARP inhibitor monotherapy has not demonstrated consistent benefit. Prospective validation of functional ATM assays, histology-stratified trial design, and integration of genomic, protein-level, and functional evidence represent key priorities for translating ATM-guided strategies into oesophagogastric cancer practice.",publication; PubMed; gastric cancer; drug development,10.1016/j.critrevonc.2026.105503,https://pubmed.ncbi.nlm.nih.gov/42532225/,publication,
PMID:42531686,Beyond development: Global disparities in gastrointestinal cancer outcomes across 176 countries.,"Mortality-to-incidence ratio (MIR) - defined as the age-standardized mortality rate divided by the age-standardized incidence rate - has been proposed as an ecological proxy for cancer treatment access at the population level. We characterized MIR for four gastrointestinal (GI) cancers across 176 countries and quantified the Surgical Access Gap (SAG), defined as the residual between observed and human development index (HDI)-adjusted expected MIR. We conducted a cross-sectional ecological analysis using GLOBOCAN 2022 data for colorectal, gastric, esophageal, and pancreatic cancers across 185 countries. MIR was calculated as the age-standardized mortality rate (ASMR) divided by the age-standardized incidence rate (ASIR). HDI-adjusted expected MIR was estimated using restricted cubic spline (RCS) regression (3 knots). SAG was defined as observed minus expected MIR. Spearman correlations between MIR and HDI and UHC Service Coverage Index were calculated. Exploratory cluster analysis was performed using k-means (k = 4, z-score standardized variables). WHO Mortality Database data (1994-2022, 140 countries) provided independent mortality trend characterization. GBD 2023 cross-source agreement analysis confirmed GLOBOCAN 2022 MIR estimates for colorectal (Spearman ρ=0.811) and gastric cancer (Spearman ρ=0.510); agreement was weaker for esophageal and pancreatic cancers.Results of 185 eligible countries, 176 had calculable MIR values. HDI explained 76.4% of colorectal cancer MIR variance (R²=0.764). HDI was strongly inversely associated with MIR for colorectal (ρ=-0.878) and gastric cancer (ρ=-0.839; all p < 0.001). Japan demonstrated consistently negative SAG across all four cancer types (colorectal SAG=-0.075; gastric SAG=-0.348), indicating outcomes substantially better than predicted by HDI. The United Arab Emirates, Qatar, and Saudi Arabia demonstrated positive SAG across all four cancer types, indicating outcomes worse than expected. Exploratory cluster analysis identified four country groupings; Japan, the Republic of Korea, Belgium, and Guyana formed the smallest cluster (n = 4) with the most favourable SAG profiles, although Guyana represented a borderline assignment. MIR-based analysis across 176 countries identified substantial global heterogeneity in GI cancer outcomes beyond what HDI predicts. Japan's consistently negative SAG and the paradoxically positive SAG of several high-income countries suggest that factors not captured by composite development indices may be associated with population-level GI cancer outcomes. These hypothesis-generating findings may inform future health system research priorities.",publication; PubMed; gastric cancer; drug development,10.1016/j.canep.2026.103181,https://pubmed.ncbi.nlm.nih.gov/42531686/,publication,
PMID:42525322,Effectiveness of continuous pharmacist intervention at maintaining dose intensity in postoperative adjuvant S-1 chemotherapy for gastric cancer: a multicentre retrospective study.,"Maintaining dose intensity is essential for ensuring the efficacy of adjuvant S-1 chemotherapy in gastric cancer. Although pharmacist interventions can reduce toxicity and improve adherence, multicentre evidence regarding their impact on dose maintenance is limited. This study aimed to evaluate the effectiveness of continuous pharmacist intervention on the eight-cycle treatment completion rate and relative performance (RP) in patients with gastric cancer undergoing outpatient S-1 adjuvant chemotherapy. This multicentre retrospective study analysed 225 patients across 12 institutions, categorised into the continuous intervention (n = 97) and non-continuous intervention (n = 128) groups. Continuous intervention was defined as systematic monitoring and management for at least 50% of the treatment duration. Inverse probability of treatment weighting was used to adjust for baseline covariates. The primary and secondary endpoints were the eight-cycle completion rate and RP value, respectively. The eight-cycle completion rate did not differ significantly between the continuous and non-continuous intervention groups (53.0% vs. 55.2%, p = 0.775), nor did the frequency of treatment modification events, including discontinuation or dose reduction. However, the RP value was significantly higher in the continuous intervention group than in the non-continuous intervention group (73.7% vs. 64.9%, p = 0.038). This finding was robustly supported by sensitivity analysis between these two groups (75.1% vs. 61.1%, p = 0.0008). Overall, the continuous group maintained a high intervention rate (89.1%) throughout the final cycle, providing significantly more supportive care interventions than the non-continuous intervention group (53.2% vs. 4.9%, p < 0.001). Although continuous pharmacist intervention did not improve the treatment completion rate, it was essential for maintaining RP values above the clinically essential 70% threshold through proactive toxicity management and dynamic dose optimisation. These findings suggest that systematic pharmaceutical care contributes significantly to ensuring the quality and intensity of adjuvant chemotherapy.",publication; PubMed; gastric cancer; drug development,10.1007/s11096-026-02200-5,https://pubmed.ncbi.nlm.nih.gov/42525322/,publication,
PMID:42502097,Great Debate: Should Surgery Be Omitted in the Management of Gastroesophageal Junction Cancers?,"Perioperative therapies for gastric and gastroesophageal junction (GEJ) adenocarcinoma have improved significantly in recent years, especially for mismatch-repair deficient (dMMR/MSI-H) tumors. Pathologic complete response (pCR) rates are now established which has raised the question as to whether surgery can be omitted. This article summarizes the debate between two gastric cancer experts supporting each side of the argument on the possibility of omitting surgery. Total, proximal, and esophagogastrectomy remain highly morbid procedures that still carry significant risk of mortality, particularly in older patients and at low-volume centers. Patients with dMMR/MSI-H gastric and GEJ adenocarcinoma have a pCR rate to neoadjuvant immunotherapy of 60% and those with mismatch repair intact (MMR-intact) tumors experience pCR to neoadjuvant chemo-immunotherapy with a rate of approximately 20%. The ability to assess for clinical complete response in gastric and GEJ adenocarcinoma has limitations, however, and there is a lack of long-term data to support omission of surgery. pCR rates are established and durable in gastric and GEJ adenocarcinoma. Omission of surgery is a consideration in patients with dMMR/MSI-H tumors with cCR to immunotherapy. Surgery remains the standard-of-care for patients with MMR-intact tumors but patients should be counseled about the possibility of pCR in shared decision making.",publication; PubMed; gastric cancer; drug development,10.1245/s10434-026-20293-0,https://pubmed.ncbi.nlm.nih.gov/42502097/,publication,
PMID:42498222,From JAK2 degradation to precision immunotherapy: A translational passport for strebloside in Epstein-Barr virus-associated gastric cancer.,,publication; PubMed; gastric cancer; drug development,10.1016/j.trsl.2026.07.011,https://pubmed.ncbi.nlm.nih.gov/42498222/,publication,
PMID:42463045,A multimodal deep learning model for preoperative prediction of post-operative complications in gastric cancer.,"Clavien-Dindo (CD) grade ≥II complications occur in approximately one in five patients after curative gastrectomy for gastric cancer and independently shorten overall survival (OS) by compromising adjuvant therapy delivery. Current nutritional, inflammatory, and global surgical-risk scores identify only a minority of affected patients. We developed and validated a multimodal deep learning framework for simultaneous preoperative prediction of CD grade ≥II complications and long-term survival. This multicenter study analyzed 5237 patients with gastric adenocarcinoma from 11 Chinese centers and additionally validated the model using prospectively collected data from six registered clinical trials covering three neoadjuvant treatment settings (chemotherapy, chemoradiation, and immunochemotherapy). DeepComp integrates clinical variables with foundation-model image features from the target lesion region, 5-mm peritumoral region, and L3 body composition compartments through a tabular dual-task architecture to jointly predict CD grade ≥II complications and OS. DeepComp achieved an area under the receiver operating characteristic curve of 0.888 [95% confidence interval (CI) 0.854-0.921] in the merged internal validation set and 0.824-0.869 across nine external cohorts, outperforming the best clinical baseline by 15.3 percentage points (P < 0.001) and all nine established clinical scores (all P < 0.001). With DeepComp assistance, the mean sensitivity of 10 surgeons increased from 47.1% to 87.9% (P < 0.001). Through target-trial emulation, DeepComp-guided prophylactic intensive care unit monitoring, preoperative nutritional support with delayed surgery, and minimally invasive triage yielded absolute CD grade ≥II risk reductions of 5.9%, 20.6%, and 11.7%, respectively (all P < 0.01; E-values 1.90-5.73). DeepComp independently predicted OS (adjusted hazard ratio 3.08 per standard deviation, 95% CI 2.91-3.25; pooled C-index 0.766), with 5-year survival ranging from 97.5% in quintile 1 to 2.4% in quintile 5. DeepComp showed consistent performance across validation cohorts for preoperative risk stratification of post-operative complications and long-term survival and may support individualized perioperative management.",publication; PubMed; gastric cancer; drug development,10.1016/j.annonc.2026.07.004,https://pubmed.ncbi.nlm.nih.gov/42463045/,publication,
PMID:42457097,Intracellular harboring of Helicobacter pylori within Candida species in human gastric biopsies: Evidence suggestive of a potential Trojan horse mechanism.,"Helicobacter pylori (H. pylori) is a globally prevalent pathogen associated with gastritis, peptic ulcer and gastric adenocarcinoma. Despite available eradication therapies, treatment failures remain common, suggesting alternative survival mechanisms. Recent studies have proposed that H. pylori may persist within yeasts, particularly Candida species, through endofungal associations. In this prospective cross-sectional study, gastric biopsy specimens from 233 patients undergoing upper gastrointestinal endoscopy at Gastroenterology Department of Ege University Hospital between July 2021 and October 2022 were analyzed. Candida spp. were isolated and examined for intracellular bacteria and intracellular H. pylori. Molecular assays, including H. pylori-specific primers and virulence gene analysis, were performed directly from total Candida DNA without prior bacterial culture. Species-level identification of Candida isolates was confirmed by PCR and sequencing. Candida species were isolated from gastric biopsy samples of 94 (40.3%) of the total 233 patients, yielding 159 Candida isolates overall. Endofungal H. pylori was detected in 48 of these 159 isolates (30.2%), corresponding to 38 of the 94 Candida-positive patients (40.4%), as some patients yielded positive isolates from both the antrum and corpus. Region-specific analysis revealed that endofungal H. pylori-positive Candida isolates were present in 10.3% of patients from the antrum and 9.0% from the corpus. Molecular analysis further confirmed the presence of H. pylori virulence genes within yeast isolates. Our findings suggest that Candida species may serve as an intracellular reservoir for H. pylori, potentially contributing to persistence, and may play a role in treatment failure and recurrence.",publication; PubMed; gastric cancer; drug development,10.1016/j.micpath.2026.108709,https://pubmed.ncbi.nlm.nih.gov/42457097/,publication,
PMID:42446796,High Prevalence of Clinical Understaging in Early Gastric Cancer: An Analysis of the NCDB.,"This study aimed to identify the incidence of clinical understaging in early gastric cancer (GC) and to identify variables associated with increased risk of a patient being understaged. Clinical stage I (T1/2 N0) GC patients undergoing oncologic resection without neoadjuvant therapy from 2013 to 2020 were identified in the National Cancer Database (NCDB). Patients found to have a higher stage of cancer on final pathologic review were considered understaged. Clinicopathologic predictors of understaging were identified using multivariable logistic regression. The relationship between identified variables and understaging was modeled using logistic regression with natural cubic splines to allow for a flexible, nonlinear analysis. Cox proportional hazards analysis and Kaplan-Meier curves were used to evaluate survival outcomes. The study identified 4370 clinical stage I GC patients, 36% of whom were initially understaged on clinical staging. Tumor size per millimeter increase (OR, 1.05; 95% confidence interval CI 1.04-1.05; p < 0.001), higher grade (moderate: OR, 2.76; 95% CI 1.99-3.84; poor/anaplastic status: OR, 5.99; 95% CI 1.99-3.84, p < 0.001), and non-academic treatment facilities (OR, 1.19; 95% CI 1.03-1.38; p = 0.017) were associated with increased risk of understaging. Spline analysis showed increased risk of understaging based on tumor size. This was compounded when tumor differentiation was considered, such that a tumor measuring 2.5 cm was associated with 16.9%, 31.8%, or 51.6% likelihood of clinical understaging if the tumor was well, moderately, or poorly differentiated, respectively. Understaging was associated with increased mortality (OR, 2.31; 95% CI 2.10-2.95; p < 0.001). More than one third of clinical stage I GC patients are understaged. Tumor grade and size should be considered at preoperative evaluation of early GC to improve identification of patients at risk for understaging.",publication; PubMed; gastric cancer; drug development,10.1245/s10434-026-19973-8,https://pubmed.ncbi.nlm.nih.gov/42446796/,publication,
PMID:42437153,Sarcina ventriculi: An incidental finding or a byproduct of a more concerning underlying disease?,"Sarcina ventriculi is a rare, acid-resistant, carbohydrate-fermenting, Gram-positive bacterium most often reported in the setting of delayed gastric emptying or gastric stasis and obstruction. Its clinical relevance is variable, ranging from incidental colonisation to potentially severe complications such as emphysematous gastritis and perforation. Diagnosis is typically suggested by the characteristic basophilic tetrads on routine hematoxylin-eosin staining. An 81-year-old male presented with a 3-month history of atypical epigastric pain, postprandial vomiting, and general deterioration. Initial laboratory evaluation showed severe anemia and an inflammatory response. Upper gastrointestinal endoscopy revealed a traversable ulcerated, exophytic antral lesion extending toward the greater curvature. Histopathology of multiple biopsies demonstrated a poorly differentiated gastric carcinoma with concomitant Helicobacter pylori infection and S ventriculi identified on hematoxylin-eosin slides. Contrast-enhanced CT confirmed a locally advanced antrum-pyloric tumor with nodal, hepatic, and peritoneal metastases T4N2M1 (according to the eighth edition of the AJCC TNM staging system). The patient received symptomatic management, Helicobacter pylori eradication therapy, and was referred for palliative oncologic care. He died shortly thereafter. The detection of S ventriculi on gastric biopsies should prompt clinicians to actively search for an underlying cause of gastric stasis or obstruction, including malignancy. Management should prioritise treatment of the precipitating condition. Antibiotic therapy for S ventriculi may be considered in symptomatic patients or when complications are suspected, and H pylori should be treated according to standard guideline-based regimens when present.",publication; PubMed; gastric cancer; drug development,10.1016/j.radcr.2026.06.057,https://pubmed.ncbi.nlm.nih.gov/42437153/,publication,
PMID:42398683,Remodeling the immune microenvironment: Engineering IL-2 variants to overcome clinical bottlenecks in PD-1 inhibitor plus chemotherapy.,"The perioperative regimen of chemotherapy plus PD-1 inhibitors in gastric cancer has significantly improved event-free survival (EFS), yet its translation into overall survival (OS) benefits remains frequently inadequate, constituting a core clinical dilemma. This review systematically elucidates the potential reasons for the significant improvement in event-free survival (EFS) but insufficient improvement in overall survival (OS) from the perspective of the immune microenvironment, particularly emphasizing the incomplete remodeling of the immunosuppressive microenvironment, which specifically includes the failure to induce stem cell-like memory T cells capable of conferring long-term protection. In this field, current research is increasingly focused on interleukin-2 (IL-2) variants, with PD-1/IL-2 bispecific antibodies, in particular, representing a significant research hotspot that holds considerable promise for achieving breakthroughs. Through precise synergy with existing regimens, they achieve profound immune reprogramming across three dimensions: expanding tumor-specific T cell clones, reversing T cell exhaustion and driving memory differentiation, and inverting the balance between effector cells and suppressor cells in the. Overall, the emergence of PD-1/IL-2 bispecific antibodies, represents a promising approach in cancer therapy with the potential to enhance long-term survival outcomes for patients.",publication; PubMed; gastric cancer; drug development,10.1016/j.critrevonc.2026.105469,https://pubmed.ncbi.nlm.nih.gov/42398683/,publication,
PMID:42372561,Prediction of efficacy and prognosis of PD‑1/PD‑L1 inhibitor combination chemotherapy for gastric cancer using an AI model based on dual‑energy CT: A multicenter study.,"The aim of this study was to evaluate the ability of dual-energy CT (DECT) quantitative parameters and radiomics to predict treatment efficacy and prognosis in gastric cancer patients receiving PD-1/PD-L1 inhibitor-based combination chemotherapy. This study enrolled a total of 344 patients with gastric adenocarcinoma, divided into training, validation, external-validation, and cross-platform validation sets. Based on the Immune Response Evaluation Criteria in Solid Tumors (iRECIST) for immunotherapy, patients were classified as responders or non-responders. Clinical features and qualitative and quantitative imaging biomarkers from conventional CT and DECT were evaluated. Five machine learning algorithms were used to integrate imaging biomarker models, independent clinical predictors, and DECT models. A logistic regression model was then constructed based on the integrated data. Model performance was assessed using receiver operating characteristic (ROC) analysis, calibration curves, decision curve analysis (DCA), and the IDI and NRI indices, with subgroup analysis performed to validate the model's generalizability. Kaplan-Meier (KM) survival analysis was conducted to evaluate the association between imaging biomarkers and progression-free survival (PFS) and overall survival (OS). The logistic regression model was identified as the optimal machine learning model, with AUCs of 0.827 (95% CI: 0.764-0.891), 0.803 (95% CI: 0.695-0.910), 0.775 (95% CI: 0.641-0.909), and 0.781 (95% CI: 0.614-0.948) across the four sets. No significant differences in AUC were observed between the training set and the other sets (DeLong test: P = 0.698, 0.488, and 0.646), indicating stable model performance. Calibration curves indicated good agreement between predicted and observed outcomes across all sets, with Hosmer-Lemeshow test P-values of 0.291, 0.162, 0.918, and 0.281 for the training, validation, test 1, and external test 2 sets, respectively. Brier scores (0.158-0.197) further confirmed high predictive accuracy. DCA showed positive net benefit across wide threshold ranges: 0.02-0.95 (training), 0.19-0.79 (validation), 0.04-0.66 (test 1), and 0.03-0.76 (external test 2). At a 50% threshold, net benefits were 0.160, 0.218, 0.120, and 0.314. Subgroup analyses confirmed robust generalizability (all P > 0.05). KM curves demonstrated that patients in the high-risk group had significantly worse OS and PFS compared with those in the low-risk group. Similarly, patients classified as non-responders by iRECIST had significantly poorer OS and PFS than responders (all P < 0.05, χ2 = 3.98-13.67). The DECT-based radiomics model can predict treatment response and prognosis in gastric cancer patients receiving immunotherapy combined with chemotherapy and support individualized treatment planning and optimization of therapeutic strategies.",publication; PubMed; gastric cancer; drug development,10.1016/j.ejrad.2026.113013,https://pubmed.ncbi.nlm.nih.gov/42372561/,publication,
PMID:42372557,Preoperative prediction of lymphovascular and perineural invasion in locally advanced gastric cancer via CT habitat analysis and deep learning: A dual-center study.,"To develop and validate a combined model integrating CT-based habitat analysis and deep learning (DL) features for the preoperative prediction of lymphovascular and perineural invasion (LVI/PNI) in locally advanced gastric cancer (LAGC). This dual-center, retrospective study included 611 LAGC patients divided into training (n = 374), internal validation (n = 161), and external validation (n = 76) cohorts. Radiomics and DL features were extracted from venous-phase CT images of the whole tumor to identify the optimal intratumoral signature. Additionally, K-means clustering was utilized to partition the tumors into distinct habitat subregions, from which DL features were extracted to select the optimal habitat signature. A combined model integrating the best intratumoral and habitat signatures with significant clinical factors was constructed via multivariate logistic regression and visualized as a nomogram. Performance was assessed using the area under the curve (AUC) and decision curve analysis (DCA). The DL signature and the whole tumor (WT) habitat signature demonstrated superior discriminatory ability. Consequently, the combined model-integrating the DL signature, habitat WT signature, cT stage, and histological grade-achieved favorable predictive efficacy, yielding numerical improvements in AUC performance across all cohorts. AUC values were 0.891, 0.866, and 0.815 for the training, internal validation, and external validation cohorts, respectively. DCA confirmed that the model provided substantial net clinical benefit. The proposed combined model provides a promising and clinically relevant tool for preoperative LVI/PNI risk assessment in LAGC, facilitating individualized treatment strategies.",publication; PubMed; gastric cancer; drug development,10.1016/j.ejrad.2026.113041,https://pubmed.ncbi.nlm.nih.gov/42372557/,publication,
PMID:42364327,Dynamic monitoring of circulating tumor cells and PD-L1 combined positive score as prognostic biomarkers for adjuvant immunochemotherapy in stage III gastric cancer: A prospective observational study.,"Patients with stage III gastric cancer (GC) face a high risk of recurrence after radical resection, and the significance of circulating tumor cells (CTCs) and Programmed death-ligand 1 (PD-L1) combined positive score (CPS) in adjuvant therapy remains unclear. In this prospective observational cohort study, we analyzed 76 stage III GC patients post-D2 resection who received either chemotherapy alone (n = 46) or immunochemotherapy (n = 30) based on clinical decision-making. CTCs levels at baseline and after 6 treatment cycles were assessed using a folate receptor-based qPCR assay, while PD-L1 CPS was evaluated via immunohistochemistry. We also analyzed the time difference between CTCs elevation and radiological relapse. Although a single baseline CTCs lacked independent prognostic value, dynamic increases in CTCs during treatment served as an independent predictor of disease-free survival (DFS) and overall survival (OS) in GC patients (P = 0.019, P = 0.013). Notably, elevated CTCs significantly preceded radiographic recurrence confirmation by a median of 284.5 days (P < 0.001). In the immunochemotherapy cohort, PD-L1 CPS ≥ 5, but not CPS ≥ 1, might help identify patients with greater DFS and OS benefits (P = 0.038, P = 0.023). Dynamic monitoring of CTCs serves as a sensitive early-warning tool for recurrence and an independent prognostic indicator for DFS in stage III GC. Furthermore, a PD-L1 CPS threshold of ≥5 may help stratify candidates for adjuvant immunotherapy, though OS findings are exploratory pending validation in larger cohorts. This study confirms the clinical value of dynamic CTCs monitoring in prognostic assessment and early recurrence warning, as well as the potential significance of PD-L1 CPS in guiding patient selection for adjuvant immunotherapy in stage III GC.",publication; PubMed; gastric cancer; drug development,10.1016/j.intimp.2026.117070,https://pubmed.ncbi.nlm.nih.gov/42364327/,publication,
PMID:42285190,ARTN drives ABCB1-mediated chemoresistance in gastric cancer cells by promoting ELK4 phosphorylation.,"Chemoresistance is the primary hindrance to effective gastric cancer (GC) treatment. Artemin (ARTN) exerts oncogenic roles in various malignancies (including GC), yet its involvement in GC chemoresistance remains unelucidated. This work sought to clarify the function of ARTN and the mechanism in GC chemoresistance. ARTN expression was detected via qPCR and western blotting. The functions of ARTN in GC chemoresistance were evaluated in vitro by CCK-8, apoptosis, and colony formation assays, which were also determined in vivo using a xenograft mouse model. Immunohistochemistry was adopted to measure Ki67 (a marker of proliferation) and cleaved caspase 3 (a marker of apoptosis) in tumor tissues. ELK4 phosphorylation was assessed through immunoprecipitation and western blotting. ChIP-qPCR was employed to determine the binding of ELK4 and ABCB1. ARTN was aberrantly upregulated in GC cells, particularly in chemo-resistant GC cells; its knockdown efficaciously sensitized chemo-resistant GC cells to 5-fluorouracil (5-FU), reduced proliferation, and enhanced apoptosis. In vivo, ARTN deficiency restrained tumor growth in chemo-resistant xenograft mice under 5-FU treatment, with downregulated Ki67 and upregulated cleaved caspase 3 in tumor tissues. Molecular mechanism experiments revealed that ARTN facilitated ELK4 phosphorylation and increase ABCB1 expression in GC cells by activating KRAS/ERK signaling. Crucially, ARTN overexpression impaired GC cell sensitivity to 5-FU in vitro, which was abrogated by ELK4 or ABCB1 knockdown. ARTN promotes GC chemoresistance by upregulating ABCB1 expression via modulating ELK4 phosphorylation, offering a likely therapeutic approach to reverse GC chemoresistance.",publication; PubMed; gastric cancer; drug development,10.1016/j.cellsig.2026.112668,https://pubmed.ncbi.nlm.nih.gov/42285190/,publication,
PMID:42269536,Clinicopathological and prognostic significance of immune-related PD-L1 expression in locally advanced gastric cancer with HER2-low expression.,"Gastric cancer (GC) is a highly invasive and heterogeneous malignant tumor. HER2-low GC is considered a biologically and clinically important intermediate subtype. Clarifying its clinicopathological features, genetic alterations, and tumor immune microenvironment is critical for improving clinical management. This study retrospectively enrolled 576 patients with HER2-non-amplified locally advanced GC(LAGC) who underwent surgical resection between January 2017 and December 2019. Patients were classified into HER2-low and HER2-zero groups using immunohistochemistry and in situ hybridization. Based on the Asian Cancer Research Group (ACRG) classification and PD-L1 expression, we analyzed the associations of HER2-low status with clinicopathological features, PD-L1 expression, and prognosis using Kaplan-Meier and Cox regression. Among 576 patients, 268 (46.53%) were HER2-low. HER2-low was more frequent in tumors ≤ 4.61 cm and intestinal-type GC (p < 0.001). PD-L1 positive rate was 49.65%, correlated with pN stage, vascular invasion, and ACRG subtype (p < 0.05). HER2-low tumors showed significantly higher PD-L1 positivity (p < 0.001). Independent prognostic factors for 5-year overall survival included tumor invasion depth, lymph node metastasis, and TNM stage (p < 0.001). HER2-low GC helps refine GC classification and is associated with higher PD-L1 expression, supporting immunotherapy strategies. Further research is needed to explore its clinical and therapeutic value in personalized precision treatment.",publication; PubMed; gastric cancer; drug development,10.1016/j.prp.2026.156583,https://pubmed.ncbi.nlm.nih.gov/42269536/,publication,
PMID:42266015,Plasma PlGF as a Potential Biomarker in Ramucirumab-Based Second-Line Therapy for Advanced Gastroesophageal Adenocarcinoma: Exploratory Biomarker Analysis from the Phase II Part of the RAMIRIS Trial.,"Antiangiogenic treatment with ramucirumab (RAM) is a standard second-line option in advanced gastric and gastroesophageal junction (GEJ) adenocarcinoma. However, reliable biomarkers are lacking. The phase II RAMIRIS trial compared RAM plus paclitaxel with RAM plus FOLFIRI (5-fluororuracil, leucovorin and irinotecan) in this setting. We present the exploratory biomarker analysis evaluating placental growth factor (PlGF), carbonic anhydrase IX (CAIX), and tryptase. Plasma samples from 99 patients enrolled in RAMIRIS were collected at predefined timepoints (baseline, Cycle 2 Day 1, and Cycle 4 Day 1). PlGF, CAIX, and tryptase were quantified by ELISA. Associations with progression-free survival (PFS) and overall survival (OS) were analyzed using dichotomized biomarker levels and Cox regression models. PlGF levels increased substantially under treatment, whereas CAIX showed a transient rise, followed by a slight decline, and tryptase remained stable. Elevated PlGF levels at baseline and early-treatment (c2d1) were associated with shorter OS in univariate analysis (baseline HRu = 1.75; p = 0.020; c2d1 HRu = 1.69; p = 0.054). After multivariate adjustment, the association remained directionally consistent; although statistical support was retained only for c2d1 (baseline HRm = 1.41, p = 0.198; c2d1 HRm = 1.85, p = 0.030). CAIX and tryptase showed no consistent associations with survival. Elevated PlGF-particularly its early increase during RAM-based therapy-was associated with shortened survival and may represent a dynamic marker of unfavorable prognosis in advanced gastric/GEJ adenocarcinoma. Given the exploratory nature of this analysis, these findings should be considered hypothesis-generating and require validation in independent biomarker-driven studies.",publication; PubMed; gastric cancer; drug development,10.1002/ijc.70567,https://pubmed.ncbi.nlm.nih.gov/42266015/,publication,
PMID:42263889,WTAP-mediated m6A modification of UBE2K drives the malignant progression of gastric cancer.,"Gastric cancer (GC) remains one of the leading causes of cancer-related mortality worldwide. Ubiquitin-conjugating enzyme E2 K (UBE2K), defined as an E2, is involved in various cellular processes. N6-methyladenosine (m6A) is one of the most abundant subtypes of RNA modifications. However, the systematic role of UBE2K and whether UBE2K undergoes an m6A modification in GC remain unknown. The expression and prognosis of UBE2K in GC were analyzed through an online database. RT-qPCR, western blot and IHC were used to test the expression of UBE2K in GC tissues and cells. CCK-8, colony formation, transwell, wound healing and sphere formation assays were conducted to explore UBE2K's function in vitro. The subcutaneous mouse model was generated to validate UBE2K's role in tumorigenesis. RNA immunoprecipitation and RNA stability experiment were applied to investigate the molecular mechanism of UBE2K. Higher expression of UBE2K was found in GC tissues and predicted worse prognosis. UBE2K knockdown suppressed the malignant progression of GC cells both in vitro and in vivo. Mechanistically, we found that UBE2K was regulated by m6A modification. WTAP was further revealed as the m6A writer of UBE2K to enhance UBE2K RNA stability. Finally, functional rescue experiments showed that silencing WTAP reversed the oncogenic effects of UBE2K overexpression on GC cells, whereas WTAP attenuated the suppression of GC cells induced by UBE2K knockdown. Our findings indicate WTAP-mediated m6A modification upregulates UBE2K and the WTAP/UBE2K axis facilitates GC progression, suggesting a potential therapeutic target for GC treatment.",publication; PubMed; gastric cancer; drug development,10.1016/j.bbadis.2026.168318,https://pubmed.ncbi.nlm.nih.gov/42263889/,publication,
PMID:42225858,"ANGPTL1 Inhibits the Growth, Migration, and Angiogenesis of Gastric Cancer Cells by Downregulating VEGFA Expression.","Gastric cancer (GC) remains one of the most common malignant tumors worldwide, with high incidence and mortality rates. Angiopoietin-like protein 1 (ANGPTL1), a member of the ANGPTL family, is known to function as an anti-angiogenic factor and tumor suppressor. However, its role and underlying mechanisms in GC development have not been investigated and require further investigation. Protein expression levels were analyzed using western blotting and immunofluorescence (IF) assays. Cell viability was assessed using the CCK-8 assay, and cell proliferation was evaluated through colony formation assays. Cell migration and invasion were examined using Transwell assays. Angiogenic capacity was determined through tube formation assays. The VEGFA mRNA expression was detected through RT-qPCR. The level of VEGFA was confirmed through ELISA. The tumor size, volume and weight were confirmed through the in vivo assay. The CD31 protein expression was verified though IHC assay. ANGPTL1 was found to be expressed at lower levels in GC cells, and negatively correlated with VEGFA. ANGPTL1 significantly inhibited GC cell proliferation, migration, and invasion. Furthermore, ANGPTL1 suppressed angiogenesis in vitro. Mechanistically, it was observed that ANGPTL1 overexpression reduced VEGFA expression, and ANGPTL1 can interact with VEGFA. Importantly, reintroduction of VEGFA reversed the inhibitory effects of ANGPTL1 on GC progression. Lastly, VEGFA overexpression retarded the tumor growth in vivo. This study demonstrates that ANGPTL1 inhibits the growth, migration, and angiogenesis of GC cells by downregulating VEGFA expression. These findings suggest that ANGPTL1 may serve as a promising therapeutic target for gastric cancer treatment.",publication; PubMed; gastric cancer; drug development,10.1007/s10528-026-11406-1,https://pubmed.ncbi.nlm.nih.gov/42225858/,publication,
PMID:42208360,CBLC inhibits ferroptosis of gastric cancer cells by inducing K48-linked polyubiquitination and degradation of SH2D4A.,"Gastric cancer (GC) is a leading cause of cancer-related mortality globally, and elucidating the molecular drivers of its progression is essential for therapy development. The E3 ubiquitin ligase CBLC has been implicated in tumorigenesis, yet its role in GC remains undefined. CBLC expression was assessed in GC tissues and cell lines using RT-qPCR and western blot assays. The influences of CBLC on cell proliferation, migration, invasion, ferroptosis, and tumor growth were evaluated using in vitro assays, in vivo xenograft models, and rescue experiments with the ferroptosis inhibitor fer-1. Co-IP and ubiquitination assays were utilized to probe the molecular mechanisms involving CBLC. CBLC level was visibly enhanced in GC tissues and cell lines. CBLC depletion curtailed GC cell proliferation, migration, and invasion in vitro and triggered ferroptosis, while also restraining tumor growth/metastasis in vivo. Fer-1 treatment reversed the tumor-suppressive effects induced by CBLC knockdown, confirming the involvement of ferroptosis. Mechanistically, CBLC promoted K48-linked polyubiquitination and proteasomal degradation of SH2D4A. Restoration of SH2D4A expression abrogated the oncogenic effects of CBLC overexpression, highlighting the CBLC/SH2D4A axis in GC progression. CBLC facilitated GC progression by promoting SH2D4A degradation and suppressing ferroptosis. Targeting the CBLC/SH2D4A axis may provide a potential therapeutic strategy for GC treatment.",publication; PubMed; gastric cancer; drug development,10.1016/j.prp.2026.156526,https://pubmed.ncbi.nlm.nih.gov/42208360/,publication,
PMID:42186155,"Comments on ""Prior Immunotherapy Enhances Survival Outcomes of Third-Line Apatinib Treatment in Advanced Gastric Cancer: A Retrospective Cohort Study"".",,publication; PubMed; gastric cancer; drug development,10.1002/ijc.70568,https://pubmed.ncbi.nlm.nih.gov/42186155/,publication,
PMID:42138340,Clinicopathological Features and Outcomes of SMARCA4-Deficient Carcinomas of the Stomach and Gastroesophageal Junction: A Case Series and Literature Review.,"There are relatively few reports on SMARCA4-deficient gastric cancer, which is a highly aggressive tumor. Most patients are already at an advanced stage at the time of diagnosis. In this study, we identify the absence of SMARCA4 staining in the stomach tumors from four adult male patients and one female patient between the ages of 61 and 78 years. Surgical resection was performed in four patients (specimens 1 to 4), who presented with ulcerated and transmural masses with infiltration, which were staged as IIIA in specimens 1 and 4, IIB in specimen 2, and IIIC in specimen 3. Histologically, the tumor cells were arranged in sheets, nests, cords or trabecular patterns in five specimens, while specimen 2 also included the adenocarcinoma component, which consisted of a low-grade gland-forming adenocarcinoma. Immunohistochemical staining revealed deficient SMARCA4 expression in five specimens, but expressed SMARCA4 in the adenocarcinoma component in specimen 2. Patients 1 and 2 received postoperative chemotherapy, with no evidence of disease recurrence to date. Patient 5 presented with liver metastases and was managed with immunotherapy plus chemoradiation (nonsurgical approach), and survived with persistent disease for 10 months. We analyze the clinicopathological features, immunohistochemical characteristics, therapy and prognosis of stomach and gastroesophageal junction SMARCA4-deficient carcinomas and presented a literature review to aid in the diagnosis and differential diagnosis of these tumors.",publication; PubMed; gastric cancer; drug development,10.1177/10668969261444670,https://pubmed.ncbi.nlm.nih.gov/42138340/,publication,
PMID:42113821,Response Assessment of Gastric Adenocarcinoma Using ⁶⁸Ga-FAPI-46 and 18 F-FDG PET/CT : Highlighting the Role of the Tumor Microenvironment in Therapy Resistance.,"We report a 71‑year‑old woman with recurrent gastric adenocarcinoma presenting with colonic wall involvement on follow-up contrast-enhanced CT scan. Initial restaging 18 F‑FDG PET/CT demonstrated intense colonic and omental uptake, consistent with recurrent malignancy. After chemotherapy, follow‑up 18 F-FDG PET/CT showed marked metabolic improvement; however, concurrent ⁶⁸Ga‑FAPI PET/CT revealed persistent intense uptake in the colonic wall, peritoneum, and omentum, closely resembling that observed on the prior 18 F-FDG PET/CT, correlating with ongoing clinical deterioration. This discordance suggests differential treatment response between tumor cells and cancer‑associated fibroblasts. Our findings raise the hypothesis that persistent tumor microenvironment activity may underlie therapeutic resistance, highlighting the potential value of early integration of FAP‑targeted strategies alongside tumor‑directed therapies.",publication; PubMed; gastric cancer; drug development,10.1097/RLU.0000000000006519,https://pubmed.ncbi.nlm.nih.gov/42113821/,publication,
PMID:42068630,Integrative multi-omics analysis identifies stromal-immune crosstalk as a determinant of immunotherapy efficacy and establishes a prognostic signature in gastric cancer.,"Immune checkpoint inhibitors like pembrolizumab exhibit variable efficacy in metastatic gastric cancer (GC). This study aimed to identify molecular drivers of pembrolizumab response, explore mechanisms of immune checkpoint inhibitors (ICIs) efficacy, and develop a prognostic signature. Transcriptomic analysis of pembrolizumab-treated GC (TIGER database) identified 165 response-associated differentially expressed genes (DEGs). Functional annotation and single-cell RNA sequencing (scRNA-seq) data from the Gene Expression Omnibus (GEO) revealed that responder-upregulated genes (R-DEGs) were enriched in immune activation pathways and mainly localized to CD8 + T/NK cells. In contrast, non-responder-upregulated genes (D-DEGs) were linked to extracellular matrix (ECM) remodeling and mainly expressed in fibroblasts/endothelial cells. CellChat analysis demonstrated that key DEGs mediate immune-stromal crosstalk via MHC-I and collagen/laminin signaling. A prognostic signature (Lasso-StepCox[forward] Riskscore; LSR: APOD, APOH, BATF2, GJA1, MAGED1, SLC5A1, SLCO2A1, VWF, VCAN) was derived and validated in four independent GC cohorts from the GEO and Cancer Genome Atlas (TCGA) database. Multi-omics analyses showed that LSR-high tumors exhibited aggressive clinicopathological features, increased stromal components, reduced cytotoxic immune infiltration, diminished tumor mutational burden (TMB), and poorer prognosis. Immunohistochemistry (IHC) and spatial transcriptomics in GC showed that stromal VWF/VCAN expression correlates with reduced CD8⁺ T cell granzyme B expression, suggesting T cell dysfunction. High VWF expression in GC predicted poor survival, and a combined VWF/VCAN score showed enhanced prognostic stratification. This study highlights stromal-immune crosstalk as a driver of pembrolizumab resistance and provides a signature as a clinical tool for prognosis and personalized therapy in metastatic GC.",publication; PubMed; gastric cancer; drug development,10.1016/j.compbiolchem.2026.109095,https://pubmed.ncbi.nlm.nih.gov/42068630/,publication,
PMID:42033901,Vitamin D3 in synergy with triple therapy to eradicate Helicobacter pylori infection in mice via the c-Raf/MEK/ERK pathway.,"Helicobacter pylori (H. pylori) is a primary pathogen associated with gastritis, peptic ulcers, and gastric cancer. Current eradication therapies are increasingly compromised by antibiotic resistance. Vitamin D3 (VD3) has shown potential as an adjunct therapy, yet its underlying mechanism remains unclear. This study evaluated the efficacy of VD3 combined with triple therapy on H. pylori eradication in mice, assessing pathological changes, infection and inflammation levels and epithelial cell death; furthermore, it explored the mechanism of the synergistic effect. An in vivo model was inoculated with H. pylori to establish in mice. After four weeks, mice were treated with VD3, triple therapy, quadruple therapy (omeprazole, amoxicillin, clarithromycin and bismuth potassium citrate), or their combinations for another four weeks. Hematoxylin and Eosin (H&E) staining, quantitative real-time PCR, colony formation, immunoblotting, enzyme-linked immunosorbent assay (ELISA), TUNEL staining, and caspase activity assays were used to evaluate the effect of VD3. Compared to triple therapy alone, the combination of VD3 and triple therapy reduced gastritis severity, H. pylori 16S rDNA expression, and bacterial colony counts in infected mice. It also decreased mRNA and protein levels of inflammatory cytokines IL-1β, IL-6, and TNF-α, reduced gastric epithelial cell apoptosis, and suppressed caspase-3/6/9 activities. VD3 treatment further enhanced c-Raf, MEK, and ERK phosphorylation in gastric tissues. Importantly, the ERK inhibitor U0126 abrogated the therapeutic benefits of VD3 combined with triple therapy, leading to increased gastritis severity, H. pylori 16S rDNA expression, bacterial colony counts, and caspase activity. Vitamin D3 synergizes with triple therapy to eradicate H. pylori infection by exhibiting antibacterial, anti-inflammatory, and cytoprotective effects through regulation of the c-Raf/MEK/ERK signaling pathway.",publication; PubMed; gastric cancer; drug development,10.1016/j.tice.2026.103551,https://pubmed.ncbi.nlm.nih.gov/42033901/,publication,
PMID:41966643,The value of enhanced CT volumetric measurement compared with RECIST 1.1 criteria in evaluating the efficacy of neoadjuvant chemotherapy combined with immunotherapy for gastric cancer.,"To explore the value of tumor volume reduction rate (VRR) measured by enhanced CT, compared with RECIST 1.1 criteria, in evaluating the efficacy of neoadjuvant chemotherapy combined with immunotherapy(NACI) for patients with locally advanced gastric cancer (LAGC), and its impact on prognosis. This retrospective study included 107 gastric adenocarcinoma patients. VRR and RECIST 1.1 response were calculated from pre-treatment and post-treatment CT. Interobserver agreement was evaluated using the intraclass correlation coefficient(ICC), while correlation with pathological tumor regression grade (TRG) and diagnostic performance (ROC analysis) were assessed. The optimal VRR cut-off was determined. Prognostic value was evaluated via survival analysis. The ICC for the tumor VRR was 0.966 (95% CI: 0.951-0.977), which was significantly higher than the ICC for the tumor longest diameter reduction rate (0.701, 95% CI: 0.590-0.785). VRR showed a moderate negative correlation with TRG (r= -0.389, P < 0.001), which was significantly better than the weak correlation between RECIST 1.1 and TRG (r = 0.196, P = 0.043). The area under the curve (AUC) for VRR in predicting major pathological response was significantly higher (AUC = 0.7953) than that for RECIST 1.1 (AUC = 0.6127, P = 0.0017). Survival analysis showed that grouping based on VRR (2-year PFS: 69.4% vs. 37.8%, P = 0.018) and TRG (2-year PFS: 82.8% vs. 46.2%, P = 0.0029) significantly distinguished patient prognosis, whereas RECIST 1.1 criteria did not (P = 0.74). The combined model integrating VRR and TRG failed to provide more refined prognostic stratification. Among patients with TRG 2-3, whether VRR was greater than 47.4% did not significantly stratify prognosis (P = 0.7935). (1) The tumor VRR demonstrates significantly superior observer agreement compared to the RECIST 1.1 criteria. (2) The correlation with TRG and diagnostic efficacy of VRR before and after neoadjuvant chemotherapy combined with immunotherapy are significantly superior to RECIST 1.1 criteria. (3) Regarding 2-year PFS, both VRR and TRG are effective indicators for prognostic evaluation after this treatment regimen, whereas RECIST 1.1 criteria lack statistical significance for 2-year PFS. (4) The combined model of VRR and TRG did not enable more precise prognostic stratification, indicating a need for further research.",publication; PubMed; gastric cancer; drug development,10.1007/s00261-026-05425-0,https://pubmed.ncbi.nlm.nih.gov/41966643/,publication,
PMID:41122959,"Effectiveness of Neoadjuvant Chemotherapy With Docetaxel, Cisplatin, and S-1 for Locoregionally Advanced Gastric Adenocarcinoma: Findings From a University Hospital in Vietnam.","To evaluate treatment results of a neoadjuvant regimen consisting of Docetaxel + Cisplatin + S-1 (DCS) in patients with locoregionally advanced unresectable gastric adenocarcinoma characterized by tumors with bulky regional lymph nodes (T1-4a, N-bulky, M0) or T4b tumors (any N, M0)). This study included 78 patients with locoregionally advanced gastric adenocarcinoma treated at a university hospital in Vietnam, comprising 47 retrospective and 31 prospective cases. Patients received 2 - 4 cycles of DCS chemotherapy, with each cycle comprising intravenous docetaxel (35 mg/m2) and cisplatin (35 mg/m2) on days 1 and 15, and oral S-1 (40 mg/m2/twice daily) from days 1 to 14, repeated every 4 weeks. Clinical treatment response was assessed after every three cycles and re-staging evaluation by using the RECIST criteria and contrast-enhanced CT scans after 2 - 4 cycles, depending on patient response and tolerability. Patients with a good response and down-staging were referred for gastrectomy. The median age was 58 years, and 64.1% were male. Following neoadjuvant chemotherapy, the proportion of T4b tumors decreased from 78.2% to 52.6%, while T4a tumors increased from 20.5% to 43.6%. The rate of N-bulky decreased from 23.1% to 11.5%. Anemia and neutropenia were the most common hematological toxicities, predominantly grade 1-2. Gastrointestinal toxicity and hair loss were the most frequent clinical adverse events, mostly grade 1-2. Among 65 patients (83.3%) achieving an objective response to neoadjuvant chemotherapy, 42 (53.8%) underwent gastrectomy, with R0 resection achieved in 92.9%. Neoadjuvant chemotherapy using the DCS regimen every 4 weeks demonstrated high effectiveness and safety in patients with locoregionally advanced unresectable gastric adenocarcinoma characterized by extensive regional metastases, and increased their eligibility for successful gastrectomy (R0 resection). This study is a retrospective and prospective cohort study, not a clinical trial.",publication; PubMed; gastric cancer; drug development,10.1111/ajco.70039,https://pubmed.ncbi.nlm.nih.gov/41122959/,publication,
PMID:42760918,Exosomes From Cancer-Associated Fibroblasts Suppress Ferroptosis and CD8+ T Cell Effector Function in Gastric Cancer via miR-4435/NDUFA10 Axis.,"Cancer-associated fibroblasts (CAFs) are pivotal stromal component in tumor microenvironment (TME) and participate in regulating tumor development and progression via exosomes (exos) mediated intercommunication. However, the intricate mechanism underlying the exosomal miRNAs from CAFs in gastric cancer (GC) tumorigenesis remains ambiguous. Herein, we found that miR-4435 was highly expressed in both CAFs- derived exos and GC tissues and was associated with TNM stage as well as tumor size in GC patients. Additionally, inhibition of miR-4435 remarkably restricted GC proliferation, migration, and invasion in vitro and in vivo; whereas facilitating ferroptosis in GC cells. Moreover, miR-4435 could bind with the downstream target NDUFA10 mRNA and was shown to silence NDUFA10 expression. Importantly, exosomal miR-4435 derived from CAFs could suppress CD8+ T cells effector function, contributing to immune resistance, while knockdown of miR-4435 in CAFs-exo could foster CD8+ T cells effector function and enhanced the sensitivity of anti-PD-1 therapy in GC. Collectively, exosomal miR-4435 derived from CAFs suppress ferroptosis and CD8+ T cell effector function in GC via mediating NDUFA10. Our results highlight exos-transfered miR-4435 as a potential therapeutic target in GC.",publication; PubMed; gastric cancer; drug development,10.1096/fj.202602170R,https://pubmed.ncbi.nlm.nih.gov/42760918/,publication,
PMID:42730958,Deubiquitinase USP48 Promotes Gastric Cancer Peritoneal Metastasis by Stabilizing S100A9 to Drive Neutrophil Extracellular Traps Formation.,"Peritoneal metastasis (PM) represents the primary cause of death in patients with advanced gastric cancer (GC), yet its underlying mechanisms remain poorly understood. Neutrophil extracellular traps (NETs) have emerged as key mediators of tumor progression, but how cancer cells regulate NETs formation to facilitate PM is unknown. This study investigates the role of the deubiquitinating enzyme USP48 in this process. USP48 expression was analyzed in GC tissues from patients with or without PM. To evaluate the functional role of USP48 in NETs formation and metastasis, we employed a range of in vitro and in vivo models, including co-culture systems, subcutaneous xenografts, and peritoneal dissemination models. Molecular interactions were examined through co-immunoprecipitation, ubiquitination assays, and protein stability analysis. USP48 was significantly overexpressed in GC tissues, with the highest levels observed in PM samples, correlating with poor prognosis. The proliferation, migration, invasion, and adhesion to peritoneal mesothelial cells of gastric cancer (GC) cells were all inhibited upon USP48 knockdown, the effects rescued by NETs-conditioned medium. Mechanistically, USP48 directly interacted with and deubiquitinated the alarmin S100A9, enhancing its stability and secretion. The receptor for advanced glycation end-products (RAGE) and toll-like receptor 4 (TLR4) in neutrophils were subsequently activated and induced NETs formation by S100A9 in neutrophils. In vivo, knockdown of USP48 suppressed tumor growth, NETs formation, and PM, while S100A9 overexpression reversed these effects. Our findings unveil a novel USP48/S100A9 axis through which GC cells drive NETs formation to promote PM. This pathway may serve as a promising therapeutic strategy for the prevention and treatment of PM in GC.",publication; PubMed; gastric cancer; drug development,10.1096/fj.202602208R,https://pubmed.ncbi.nlm.nih.gov/42730958/,publication,
PMID:42751521,"[Prehabilitation for high-risk gastric cancer populations: challenges, countermeasures, and the integrated whole-course pathway].","Gastric cancer prehabilitation has evolved from a singular preoperative preparation into an integrated management strategy spanning the entire course from diagnosis to surgery. However, high-risk populations-characterized by advanced age, frailty, malnutrition, and those receiving neoadjuvant/conversion therapy-pose substantial challenges to conventional prehabilitation models due to their unique pathophysiological features. Treatment-related toxicities exacerbate the depletion of functional reserves, multidimensional vulnerability renders standardized protocols less effective, and adherence to home-based interventions with quality control remains the ""last-mile"" bottleneck. Drawing upon domestic and international evidence-based data, this article systematically dissects these challenges and proposes a response strategy centered on ""whole-course integration, stratified precision, and technology empowerment""-namely, deeply binding prehabilitation with neoadjuvant/conversion therapy, establishing a tiered intervention system based on frailty stratification, and leveraging 5G, wearable devices, large-scale models, and AI agents to construct a digital closed-loop for home-based supervision. The future direction of prehabilitation lies in transitioning from experience-driven to data-driven paradigms, ultimately achieving a paradigm shift from ""protocol-to-patient"" to ""protocol-adapts-to-patient"".",publication; PubMed; gastric cancer; drug development,10.3760/cma.j.cn441530-20260708-00274,https://pubmed.ncbi.nlm.nih.gov/42751521/,publication,
PMID:42567001,Single-cell transcriptomics reveals CD8 + T-cell heterogeneity linked to immunotherapy response in gastric cancer.,"Immune checkpoint blockade elicits durable responses in a subset of patients with gastric cancer, yet the cellular programs underlying therapeutic divergence remain unclear. Using integrative single-cell transcriptomics of tumors from Immune Checkpoint Inhibitor (ICI)-treated patients, we resolved the CD8 + T-cell landscape associated with response. Therapeutic outcome reflected not only differences in state abundance but also functional reprogramming within shared states. Trajectory analysis revealed bifurcation of naïve CD8 + T cells into effector and exhaustion-prone branches that were differentially enriched between responders and non-responders. Inference of transcription factor activity revealed lineage-specific modules associated with these divergent fates. Further modeling of ligand-receptor pairs uncovered how signaling between myeloid and T cells changes during different responses. Together, these findings delineate a regulatory and intercellular framework characterizing CD8 + T-cell differentiation in gastric cancer and illuminate mechanisms of immune-state divergence during immunotherapy.",publication; PubMed; gastric cancer; drug development,10.1016/j.bbrc.2026.154385,https://pubmed.ncbi.nlm.nih.gov/42567001/,publication,
PMID:42763214,[Efficacy and safety of endoscopic submucosal dissection versus surgery for early gastric cancer in patients aged 75 years and above: a systematic review and meta-analysis].,"Objective: To systematically evaluate the clinical efficacy and safety of endoscopic submucosal dissection (ESD) versus surgical resection for early gastric cancer (EGC) in patients aged 75 years and above. Methods: A systematic search was conducted in PubMed, Embase, Cochrane Library, and CNKI from the inception of the database to April 2026, to include relevant literature on ESD and surgery for aged 75 years and above patients with EGC. The experimental group consisted of patients aged≥75 years treated with ESD (ESD group), while the control group included those treated with surgery (surgery group). According to inclusion and exclusion criteria, two researchers independently performed literature screening, data extraction using the Newcastle-Ottawa Scale, and conducted meta-analysis using RevMan 5.4 and Stata 18.0 software to assess heterogeneity using I2. Outcome measures included the 5-year survival rate, recurrence rate, recurrence-related mortality rate, and tumor incidence rates across different mucosal layers in both groups of patients. Funnel plots and leave-one-out analysis were adopted for publication bias analysis and sensitivity analysis. Results: A total of 6 studies involving 2 045 patients were included, with 988 in the ESD group and 1 057 in the control group. The 5-year survival rate (82.9% vs 77.4%, OR=1.29, 95%CI: 1.01-1.65, P=0.040, I2=0) and gastric cancer recurrence rate (8.5% vs 4.3%, OR=2.39, 95%CI: 1.37-4.14, P=0.002, I2=24%) were higher in the ESD group than those in the surgical group, whereas the recurrence-related mortality rate was lower in the ESD group (1.9% vs 4.9%, OR=0.47, 95%CI: 0.25-0.86, P=0.020, I2=34%). Subgroup analysis by tumor incidence rates across different mucosal layers showed that the proportion of mucosal tumors was higher in the ESD group than that in the surgical group (78.8% vs 38.3%, OR=3.40, 95%CI: 1.15-10.07, P=0.030, I2=95%), whereas the proportion of submucosal tumors was lower in the ESD group than in the surgical group (20.7% vs 61.4%, OR=0.29, 95%CI: 0.10-0.87, P=0.030, I2=95%). Funnel plot analysis showed that the studies were generally symmetrically distributed on both sides of the pooled effect size (log OR), forming an inverted funnel shape; sensitivity analysis demonstrated that the point estimates of individual studies fluctuated slightly around the original pooled effect size (log OR=1.05). Conclusion: For EGC patients aged 75 years and above, ESD demonstrates superior clinical efficacy and safety compared to surgical treatment.",publication; PubMed; gastric cancer; drug development,10.3760/cma.j.cn112137-20260326-00815,https://pubmed.ncbi.nlm.nih.gov/42763214/,publication,
PMID:42762948,Long non-coding RNAs as determinants of cell fate in gastric cancer: Molecular mechanisms governing survival and programmed cell death.,"Long non-coding RNAs (lncRNAs) are now recognized as important modulators of gene expression acting at the transcriptional, post-transcriptional, and epigenetic levels. A growing number of studies suggest that abnormal lncRNA expression plays a critical role in gastric carcinogenesis by controlling cellular functions such as proliferation, cell-cycle progression, apoptosis, autophagy, and other forms of regulated cell death. This review discusses the molecular pathways through which lncRNAs contribute to gastric carcinogenesis, particularly by regulating cell fate, proliferation, and apoptosis. We also summarize the functions of major oncogenic and tumor-suppressive lncRNAs, including HOTAIR, MALAT1, H19, GAS5, DINO, PANDAR and their associations with PI3K/AKT, Wnt/β-catenin, MAPK, JAK/STAT, and p53 signaling. Associations among lncRNAs, ferroptosis, treatment response, and tumor progression are also discussed. Overall, available evidence identifies lncRNAs as key mediators of gastric carcinogenesis and as potential diagnostic biomarkers and therapeutic targets.",publication; PubMed; gastric cancer; drug development,10.1016/j.bbadis.2026.168469,https://pubmed.ncbi.nlm.nih.gov/42762948/,publication,
PMID:42760647,The impact of marital status on gastric cancer-related prognosis: A propensity-score matched study.,"Gastric cancer remains a leading gastrointestinal malignancy with persistently high incidence and poor prognosis. Marital status, an established proxy for social support, has been linked to survival in several solid tumors, yet its impact on gastric-cancer outcomes remains uncertain in large contemporary cohorts. The aim of this study was to quantify the association between marital status and cancer-specific and overall survival in patients with gastric cancer in a large, contemporary, population-based cohort, and to determine whether marital status serves as an an independent prognostic factor for gastric-cancer outcomes. Using the surveillance, epidemiology, and end results database, we identified patients with primary gastric adenocarcinoma diagnosed from 2013 through 2022. Patients were dichotomized as married or unmarried. Baseline characteristics were compared with χ2 tests. To mitigate selection bias, 1:1 propensity-score matching (PSM) was performed. Cancer-specific survival (CSS) and overall survival (OS) were estimated with Kaplan-Meier and log-rank tests. Subgroup analyses and multivariable Cox regression were conducted to determine the independent prognostic value of marital status. A total of 39,013 patients were included (median follow-up 14 months). Before PSM, unmarried patients had significantly worse CSS (hazard ratio [HR] 1.17, 95% confidence interval [CI] 1.14-1.20, P < .001) and OS (HR 1.20, 95% CI 1.16-1.23, P < .001). After 1:1 PSM (15,256/group), the survival gap narrowed but remained significant (CSS: HR 1.12, P < .001; OS: HR 1.15, P < .001). Subgroup analyses showed unmarried status was consistently associated with poorer CSS and OS across most strata. Multivariable Cox regression confirmed unmarried status as an independent adverse prognostic factor for both CSS (HR 1.17, 95% CI 1.13-1.20, P < .001) and OS (HR 1.19, 95% CI 1.15-1.22, P < .001). In this large population-based cohort, unmarried status was independently associated with worse gastric-cancer outcomes. Marital status is a readily available marker of social and economic support that identifies patients at higher risk of adverse outcomes; these patients may benefit from targeted psychosocial, financial, and logistical support during and after treatment.",publication; PubMed; gastric cancer; drug development,10.1097/MD.0000000000050761,https://pubmed.ncbi.nlm.nih.gov/42760647/,publication,
PMID:42759981,CD28-ICOS costimulation enhances the therapeutic efficacy of L1CAM-targeted CAR-T cells against ovarian and gastric cancers.,"Ovarian and gastric cancers are associated with poor prognosis and derive limited benefit from current therapies, highlighting the need for novel immunotherapeutic approaches. The L1 cell adhesion molecule (L1CAM) is aberrantly expressed in several types of solid tumors and is associated with aggressive clinical behavior. This study aimed to develop and characterize optimized L1CAM-targeted chimeric antigen receptor-T (CAR-T) cells with improved efficacy and safety, using patient-derived preclinical models of ovarian and gastric cancer. L1CAM expression was assessed in tumor tissues from patients with ovarian cancer (OC;n=227) and gastric cancer (GC;n=132), followed by an analysis of its clinical impact. A panel of L1CAM-targeted CAR constructs incorporating distinct hinge and co-stimulatory domains was systematically evaluated. Functional activity was assessed by cytotoxicity and cytokine release assays using cancer cell lines and patient-derived tumor cells. Antitumor efficacy, persistence, and safety were evaluated in xenograft and patient-derived xenograft (PDX) models, including NanoLuc-based in vivo tracking of CAR-T cell distribution. High L1CAM expression correlated with aggressive clinicopathological features and adverse prognosis in patients with OC. Among the constructs tested, CAR-T cells incorporating an IgD/IgG1 hybrid hinge and dual CD28-ICOS co-stimulatory domains demonstrated the most potent antigen-specific activity. These cells exhibited enhanced cytotoxicity, robust interferon-γ production, and sustained functional activity. In vivo, optimized L1CAM CAR-T cells achieved complete tumor regression in OC PDX models and significant tumor suppression in GC models, with durable tumor control and CAR-T persistence. Intraperitoneal delivery further improved therapeutic efficacy and CAR-T cell localization compared with intravenous administration. Importantly, no evidence of neurotoxicity or systemic toxicity was observed, supporting a favorable safety profile. Optimized L1CAM-targeted CAR-T cells demonstrate potent, durable, and antigen-specific antitumor activity with a favorable safety profile in preclinical models of OC and GC. The combination of rational CAR design (CD28-ICOS signaling) and optimized delivery strategy provides a strong rationale for the clinical development of L1CAM-targeted CAR-T therapy, particularly in patients with L1CAM-positive solid tumors.",publication; PubMed; gastric cancer; drug development,10.1136/jitc-2025-014131,https://pubmed.ncbi.nlm.nih.gov/42759981/,publication,
PMID:42758904,Combination of Immune Checkpoint Inhibitors With Vascular Endothelial Growth Factor-Targeted Agents in Advanced Gastric and Gastroesophageal Adenocarcinoma: A Systematic Review and Meta-analysis.,"Gastric and gastroesophageal junction (G/GEJ) adenocarcinomas remain a major global health burden. Combining antiangiogenic agents with immune checkpoint inhibitors (ICIs) may enhance antitumor activity and improve outcomes. This systematic review and meta-analysis evaluated the efficacy and safety of ICIs plus VEGF-targeted agents in advanced G/GEJ adenocarcinoma. A comprehensive search across multiple databases was conducted till March 2026. Original studies evaluating ICIs plus VEGF-targeted agents in adults with advanced, unresectable, or metastatic G/GEJ adenocarcinoma and reporting overall response rate (ORR) were included. Proportions with 95% CIs were pooled. Twenty-six studies involving 1354 patients were included. Camrelizumab, pembrolizumab, and nivolumab were the most commonly used ICIs, while apatinib was the most frequently used VEGF-targeted agent. The pooled ORR was 33% (95% CI, 24%-44%) and the disease control rate (DCR) was 79% (95% CI, 72%-85%). Stable disease and progressive disease rates were 42% (95% CI, 36%-47%) and 17% (95% CI, 12%-24%), respectively. Pooled progression-free survival rates were 39%, 17%, and 9% at 6, 12, and 18 months, respectively. Corresponding overall survival rates were 72%, 44%, and 24%. Subgroup analysis showed that adding chemotherapy to ICIs plus VEGF-targeted agents improved ORR (56%), DCR (90%), and survival outcomes. The most commonly reported adverse events were neutropenia (38%), and thrombocytopenia (33%). ICIs plus VEGF-targeted agents showed promising activity, particularly when combined with chemotherapy. However, substantial interstudy heterogeneity limits definitive conclusions, highlighting the need for larger, standardized trials to optimize treatment strategies and identify patients most likely to benefit.",publication; PubMed; gastric cancer; drug development,10.1097/COC.0000000000001375,https://pubmed.ncbi.nlm.nih.gov/42758904/,publication,
PMID:42755300,Implementation of Community-Based Helicobacter pylori Screening and Navigation in High-Risk Immigrant Communities.,"Gastric cancer remains a major prevention gap in the United States, disproportionately affecting immigrants from high-incidence regions. Although Helicobacter pylori is the leading modifiable risk factor for non-cardia gastric cancer, systematic and equitable pathways for testing, treatment, and eradication confirmation are lacking, and evidence on downstream implementation outside hospital settings remains limited. These findings suggest that community-based H. pylori screening paired with sustained navigation is feasible, and that the principal losses in gastric cancer prevention occur downstream rather than at risk identification or therapeutic efficacy. Approaches that explicitly address multistep, time-lagged care delivery are essential for translating H. pylori eradication into population-level gastric cancer prevention in high-risk immigrant communities. We conducted a pragmatic, descriptive implementation evaluation of a culturally and linguistically tailored, community-anchored H. pylori screening and navigation program, with outcomes assessed over a 6-month follow-up period in partnership with community and faith-based organizations serving Korean American populations. The workflow included multilingual outreach, a brief survey, on-site urea breath testing, privacy-protective result disclosure, and active navigation to support clinical evaluation, treatment completion, and post-treatment assessment. Among 323 participants screened, 58 (18.0%) had active H. pylori infection, and all (100%) were successfully contacted for confidential result disclosure. Within 6 months, 31 (53.4%) completed clinical evaluation, 15 (25.9%) completed eradication therapy, and nine (15.5%) completed post-treatment retesting; eradication was confirmed in eight of nine retested participants (88.9%). Attrition occurred across the care cascade and primarily reflected structural and logistical barriers rather than treatment failure.",publication; PubMed; gastric cancer; drug development,10.1177/15248399261484613,https://pubmed.ncbi.nlm.nih.gov/42755300/,publication,
PMID:42562621,Retrospective analysis of Claudin 18.2 expression in 64 patients with advanced gastrointestinal peritoneal disease: a potential therapeutic target for high-grade appendiceal mucinous carcinoma.,"Specific to normal gastric epithelium, Claudin 18.2 (CLDN18.2) is a tight junction protein. CLDN18.2 immunohistochemistry is a companion diagnostic used to identify oesophageal and gastric adenocarcinoma patients eligible for targeted therapy with zolbetuximab. It has demonstrated survival benefits in advanced upper gastrointestinal (UGI) cancers, with many studies now exploring its potential use beyond the UGI tract. This study aimed to examine CLDN18.2 expression in a peritoneal malignancy patient cohort. CLDN18.2 immunohistochemistry was performed on archived tissue from patients who underwent cytoreductive surgery at a national centre for peritoneal malignancy. CLDN18.2 immunoprofiles were compared in two key tumour cohorts: peritoneal metastases from colorectal adenocarcinoma and appendiceal mucinous neoplasms. Positivity was defined as moderate-to-strong membranous staining in >75% of tumour cells. In addition, any CLDN18.2 positivity in tumour cells (>0% of cells showing moderate-to-strong membranous staining) was recorded in all cases. 64 cases were examined; primary tumour sites of origin were colorectal (n=34, 53%) and appendiceal (n=30, 47%). CLDN18.2 positivity in the overall appendiceal group was 17% compared with 3% in colorectal adenocarcinomas (p=0.090). In the appendiceal group, CLDN18.2 positivity was only demonstrated in high-grade appendiceal mucinous carcinomas (22%, 5 of 23). CLDN18.2 positive staining (>0% of tumour cells) was significantly increased in the appendiceal group compared with colorectal adenocarcinoma (53% vs 3%, respectively) (p<0.0001). These results demonstrate CLDN18.2 expression in a subset of appendiceal peritoneal metastases. This is one of the first focused studies showing CLDN18.2 expression in this tumour group, perhaps highlighting a future role for targeted therapies in those with limited curative oncological options.",publication; PubMed; gastric cancer; drug development,10.1136/jcp-2026-210851,https://pubmed.ncbi.nlm.nih.gov/42562621/,publication,
PMID:42762780,Rationale for standardized staging laparoscopy before neoadjuvant therapy in locally advanced gastric cancer.,"Peritoneal metastasis (PM) is a dominant mode of failure in gastric and gastroesophageal junction adenocarcinoma and is associated with poor survival, particularly when radiographically occult at diagnosis. Cross-sectional imaging has limited sensitivity for low-volume peritoneal disease, and a clinically relevant proportion of patients with apparently non-metastatic, locally advanced tumours on computed tomography harbor macroscopic PM or positive peritoneal cytology, both classified as stage IV disease. International guidelines therefore recommend staging laparoscopy (SL) with peritoneal washings in patients with potentially resectable, locally advanced tumours prior to neoadjuvant systemic therapy or curative-intent gastrectomy. Nevertheless, real-world implementation remains inconsistent, while contemporary series report upstaging rates of approximately 20-40% among guideline-eligible patients. This narrative review summarizes current evidence regarding the diagnostic yield and limitations of SL, clinicopathologic predictors of occult peritoneal dissemination, and the downstream consequences of omitting peritoneal staging. Failure to perform SL may result in inaccurate stage assignment, delayed initiation of stage-appropriate systemic therapy, and exposure to non-beneficial gastrectomy in patients with occult peritoneal stage IV disease. The implications for biomarker-driven treatment strategies, regional approaches targeting peritoneal disease, and clinical trial eligibility are also discussed. Finally, a pragmatic framework for integrating SL into routine multidisciplinary care pathways is proposed.",publication; PubMed; gastric cancer; drug development,10.1016/j.ejso.2026.112155,https://pubmed.ncbi.nlm.nih.gov/42762780/,publication,
PMID:42755243,D2O-Labeled Single-Cell Raman Spectroscopy Reveals the Evolutionary Trajectory of Helicobacter pylori During the Phenotypic Silent Window.,"Helicobacter pylori is a carcinogenic pathogen with a high gastric cancer risk. The rapid emergence of antibiotic resistance severely compromises treatment efficacy. However current conventional approaches fail to capture early molecular events preceding detectable resistance. Here, we used a gradient intermittent antibiotic exposure model to simulate stepwise resistance evolution and longitudinally acquired single-cell Raman spectra across adaptive cycles. By integrating two-dimensional correlation Raman spectroscopy (2D-COS), we resolved the temporal sequence of molecular alterations during the phenotypic silent window. The earliest responses involved adjustments of pre-existing biomass structures. Specifically, symmetric CH2 and CH3 vibrations changed first, reflecting membrane lipid and protein conformational shifts, followed by carbohydrate backbone and alkyl vibrations indicating initial metabolic adjustments. During a structural reorganization phase, amide III shifted earlier than amide I, suggesting protein conformational adjustment precedes content increase, while lipid chain vibration emerged concurrently. Subsequently, nucleic acid base and pyrimidine ring vibrations increased, culminating in the C-D band representing newly synthesized biomass accumulation. This sequential cascade reveals that structural adaptation occurs prior to metabolic activation. Our work provides a detailed molecular basis for resistance evolution within the silent window and highlights single-cell Raman-based metabolic profiling for early detection.",publication; PubMed; gastric cancer; drug development,10.1002/smtd.71050,https://pubmed.ncbi.nlm.nih.gov/42755243/,publication,
PMID:42754734,Spatial transcriptomics reveals immune remodeling in lymph nodes of gastric adenocarcinoma.,"Lymph node (LN) metastasis is a major determinant of prognosis in gastric cancer, yet the immune microenvironment of metastatic versus non-metastatic nodes remains incompletely defined. Spatial resolution of tumor-immune interactions may clarify mechanisms of immune escape associated with nodal progression. We performed compartment-resolved spatial transcriptomic profiling to characterize immune gene expression in gastric cancer LNs. Forty-seven formalin-fixed paraffin-embedded LNs from 13 patients with T2-T4, M0 gastric adenocarcinoma (N1-2: n = 7; N3: n = 6) were analyzed using the NanoString GeoMx Digital Spatial Profiler and an 84-gene immune pathways panel. Twenty-nine non-metastatic and 18 metastatic LNs were profiled. Regions of interest were segmented into tumor and immune compartments, yielding 65 spatially defined compartments. Differential expression was assessed across three comparisons: metastatic versus non-metastatic LNs; metastatic LNs from N1-2 versus N3 patients; and non-metastatic LNs from N1-2 versus N3 patients. Within the immune compartments, non-metastatic LNs showed higher expression of T-cell activation and checkpoint genes (CD3E, CD27, PDCD1, CTLA4), consistent with preserved immune surveillance. Metastatic LNs were enriched for WNT signaling and adhesion-related genes (CTNNB1, ITGAV) and epithelial markers (EPCAM), indicating tumor-driven immune remodeling. N3 metastatic LNs demonstrated increased ICOSLG, IL6, and IFNGR1 expression, suggesting chronic inflammatory activation and immune dysfunction. Notably, non-metastatic LNs from N3 patients upregulated antigen-presentation genes (CD74, HLA-DRB), consistent with early immune conditioning. No significant differences emerged in tumor compartments or pseudo-bulk analyses. Spatial transcriptomic profiling reveals nodal burden-associated immune remodeling, and identifies candidate biomarkers and therapeutic targets for precision immunotherapy in gastric cancer.",publication; PubMed; gastric cancer; drug development,10.1007/s10585-026-10429-7,https://pubmed.ncbi.nlm.nih.gov/42754734/,publication,
PMID:42753057,ASO Author Reflections: Proximal Gastrectomy After Neoadjuvant Therapy: Function-Preserving Surgery for Gastroesophageal Junction Cancer.,,publication; PubMed; gastric cancer; drug development,10.1245/s10434-026-20571-x,https://pubmed.ncbi.nlm.nih.gov/42753057/,publication,
PMID:42752437,"""I had your number on speed dial:"" A qualitative study of patient experiences of dietetics care and managing nutrition during curative treatment of upper gastrointestinal cancer.","Limited research exists on the implementation of nutrition care pathways to provide dietetics care in upper gastrointestinal cancer surgery, particularly from the patient perspective. This study aimed to understand patients' experiences and perceptions of dietetics care provided via a nutrition care pathway, both before and after curative intent surgery. The secondary aim was to explore patients' experiences of self-managing nutrition throughout their treatment trajectory and the impact on quality of life. This was a single-centre, prospective phenomenological study. Patients undergoing curative neoadjuvant therapy and surgery for oesophageal or gastric cancer were invited to participate in two semi-structured interviews: 1) in the period between completion of neoadjuvant therapy and surgery; 2) at 3 months post-surgical discharge. Questions pertaining to experiences and perspectives regarding dietetics intervention, nutritional status, symptoms, and quality of life were asked as per the interview schedule. Data were analysed and coded thematically using a phenomenological approach. Thirteen participants were included (12 with oesophageal cancer and one with gastric cancer; mean age 63 years, 62% male). Four main themes were identified: 1) lived experiences of nutritional changes during treatment and recovery; 2) perceptions of nutrition and role of the dietitian; 3) feeding tubes and oral supplements as ""the necessary evil""; and 4) impact of treatment and nutritional changes on daily life. Participants experienced significant nutritional challenges throughout the treatment trajectory, greatly impacting on daily life and psychosocial wellbeing. Participants found the dietetics care provided under the nutrition care pathway to be highly beneficial and acceptable, and dietitians were deemed an essential resource. The findings suggest that intensive, individualised nutrition care pathways, including oral and enteral supplementation, would be beneficial in similar clinical contexts, with peer support identified as an area for further resourcing and research.",publication; PubMed; gastric cancer; drug development,10.1371/journal.pone.0357580,https://pubmed.ncbi.nlm.nih.gov/42752437/,publication,
PMID:42602300,ICAM1-targeted costimulation extends HER2 CAR T cytotoxicity to HER2-low and HER2-negative tumors through synergy with TCR signaling.,"Autologous T cells engineered to express a HER2 chimeric antigen receptor (CAR) have shown limited clinical efficacy. To broaden antitumor activity, we co-expressed a chimeric costimulatory receptor (CCR) targeting ICAM1 (ICCR) in HER2 CAR T cells. ICAM1 is upregulated by inflammatory cytokines, reinforces immune-synapse formation, and is elevated in aggressive or dedifferentiated tumors, including those with heterogeneous or low HER2 expression. HER2 CAR/ICCR T cells preserved potent cytotoxicity against HER2-high targets and showed significantly enhanced killing of HER2-low cell lines compared with HER2 CAR T cells alone. ICCR augmented NF-κB activation particularly under low HER2 conditions. Upon repeated stimulation with HER2-negative tumor cells, HER2 CAR/ICCR T cells underwent nearly 10-fold expansion with superior cytotoxicity, whereas HER2 CAR T cells failed to expand. In vivo, both constructs rapidly eliminated HER2-high tumors, but only HER2 CAR/ICCR T cells achieved complete clearance of HER2-low tumors, with delayed kinetics consistent with clonally expanded, tumor-specific T cells. TCR sequencing confirmed substantially greater clonal expansion in HER2 CAR/ICCR T cells across in vivo and in vitro studies. This dual-receptor platform (HMJ01) has supported IND authorization for a first-in-human trial in patients with HER2-positive and HER2-low gastric cancer.",publication; PubMed; gastric cancer; drug development,10.1016/j.omton.2026.201307,https://pubmed.ncbi.nlm.nih.gov/42602300/,publication,
PMID:42440454,Intraperitoneal delivery of the oncolytic virus CF17 improves tumor immunogenicity and survival in gastric cancer peritoneal metastasis.,"Peritoneal metastasis (PM) is the leading cause of treatment failure and death from gastric cancer (GC). We evaluated the antitumor and immunogenic effects of CF17, an oncolytic chimeric orthopoxvirus, in a novel syngeneic mouse model of GCPM. CF17 was tested in mouse GC cell lines (ACKPY3944 and ACKPY4113) for viral replication and cytotoxicity. A syngeneic mouse model of PM was established in C57BL/6 mice via intraperitoneal (IP) implantation of 1 × 106 ACKPY3944-ffluc cells. Mice were treated with either IP CF17 or PBS. Peritoneal tumor burden was monitored by bioluminescence imaging. Immune profiles of peritoneal washings and tumors were assessed by flow cytometry and immunohistochemistry. CF17 infected, replicated in, and killed ACKPY3944 and ACKPY4113 cells in vitro. Mice treated with IP CF17 showed a significant decrease in tumor burden (p < 0.05) and prolonged survival (p < 0.001). CF17 treatment significantly enhanced leukocyte infiltration, including CD4+ and CD8+ cells, into the tumor microenvironment of the peritoneal cavities and solid tumors. Overall, these results demonstrate that CF17 has potent anti-tumor activity and immunogenicity in a syngeneic mouse model of GCPM. These data provide a framework to support future studies to optimize CF17-based immunotherapeutic approaches for GCPM.",publication; PubMed; gastric cancer; drug development,10.1016/j.omton.2026.201266,https://pubmed.ncbi.nlm.nih.gov/42440454/,publication,
PMID:42748509,Pembrolizumab plus chemotherapy as first-line therapy for advanced HER2-negative gastric or gastroesophageal junction adenocarcinoma: 4.5-year follow-up from the randomized phase III KEYNOTE-859 study.,"KEYNOTE-859 showed a favorable benefit-risk profile for pembrolizumab plus chemotherapy compared with placebo plus chemotherapy, regardless of programmed death-ligand 1 (PD-L1) status, in participants with untreated locally advanced or metastatic human epidermal growth factor receptor 2 (HER2)-negative gastric or gastroesophageal junction (GEJ) adenocarcinoma. Outcomes after a median study follow-up of 4.5 years are reported. Overall, 1579 participants were randomly assigned 1 : 1 to pembrolizumab 200 mg or placebo plus chemotherapy every 3 weeks for ≤35 cycles. The primary endpoint was overall survival (OS). Secondary endpoints included progression-free survival, objective response rate, and duration of response, all per RECIST v1.1 by blinded independent central review, and safety. The median study follow-up was 54.8 months (Q1-Q3, 46.8-62.1) at data cut-off (27 September 2024). In the intention-to-treat population, the median OS was 12.9 months for pembrolizumab plus chemotherapy compared with 11.5 months for placebo plus chemotherapy [hazard ratio (HR) 0.78, 95% confidence interval (CI) 0.70-0.86]. Median OS was longer in the PD-L1 combined positive score (CPS) ≥1 (13.0 compared with 11.4 months; HR 0.74, 95% CI 0.66-0.84) and CPS ≥10 (15.8 compared with 11.8 months; HR 0.64, 95% CI 0.53-0.77) populations. Grade 3 or 4 treatment-related adverse events (AEs) occurred in 458 participants (58.3%) receiving pembrolizumab plus chemotherapy and 388 (49.3%) receiving placebo plus chemotherapy; grade 5 treatment-related AEs occurred in 8 participants (1.0%) and 16 participants (2.0%), respectively. Extended follow-up confirms that first-line pembrolizumab plus chemotherapy improves efficacy and maintains a manageable safety profile compared with placebo plus chemotherapy, regardless of PD-L1 status, supporting this combination as a first-line treatment option for locally advanced or metastatic HER2-negative gastric or GEJ adenocarcinoma.",publication; PubMed; gastric cancer; drug development,10.1016/j.esmoop.2026.108536,https://pubmed.ncbi.nlm.nih.gov/42748509/,publication,
PMID:42747649,A multicenter phase II trial of ramucirumab plus irinotecan for early recurrence of gastric cancer during or after adjuvant chemotherapy with docetaxel plus S-1 therapy: the RAMIEL trial (OGSG1901).,"There is currently no established chemotherapy regimen for early recurrence of pathological stage III gastric cancer (GC) following adjuvant chemotherapy with docetaxel plus S-1 (DS) after D2 gastrectomy. We aimed to evaluate the efficacy and safety of ramucirumab plus irinotecan in patients with GC who experienced early recurrence during or within 6 months after DS adjuvant chemotherapy. This prospective, open-label, multicenter phase II trial enrolled eligible patients treated at 25 centers of the Osaka Gastrointestinal Cancer Chemotherapy Study Group in Japan. Patients received ramucirumab (8 mg/kg) and irinotecan (150 mg/m2) every 2 weeks. The primary endpoint was overall survival (OS), and secondary endpoints included progression-free survival (PFS), objective response rate (ORR), and safety. The sample size was set at 40 based on a threshold median OS of 7 months and an expected median OS of 11 months, with a one-sided alpha error of 0.05 and a power of 0.80. Between November 2019 and July 2023, 43 patients were enrolled, and 39 were included in the analysis after excluding three ineligible patients and one who did not initiate protocol treatment. The median OS was 15.9 months (95% CI: 8.8-42.0; p = 0.003). The median PFS was 5.5 months (95% CI: 3.9-8.1), and the ORR was 38.5%. Grade ≥ 3 adverse events, including neutropenia (25.6%) and hypertension (25.6%), were observed in more than 20% of patients. Ramucirumab plus irinotecan demonstrated promising efficacy and manageable toxicity in patients with early recurrence of GC following adjuvant DS therapy. This study was prospectively registered in the Japan Registry of Clinical Trials (jRCTs05119071, October 6, 2019, https://jrct.niph.go.jp/latest-detail/jRCTs051190071 ).",publication; PubMed; gastric cancer; drug development,10.1007/s10120-026-01799-8,https://pubmed.ncbi.nlm.nih.gov/42747649/,publication,
PMID:42746996,Textbook Outcomes and Survival in Gastric Cancer Surgery: Results of a French-Speaking Multicenter Study.,"TO is a composite parameter used to assess surgical care quality. In oncologic gastric surgery, TO includes the following criteria: complete potentially curative resection during operation, no intraoperative complications, resection of at least 15 lymph nodes, absence of severe postoperative complications, no prolonged hospital stay, no reoperation, no postoperative mortality, and achievement of R0 resection. The objective of the study is to investigate the achievement of textbook outcome (TO) and its association with overall survival in patients treated for gastric cancer and to identify factors that contribute to the failure to meet TO criteria. This multicenter French-speaking center retrospective study, based on data from the French Association of Surgery database, analyzed 2131 patients treated for gastric cancer between 2007 and 2017. Patients who met the TO criteria were compared with those who did not. Among the 958 eligible patients, TO was achieved in 398 (41.5%) patients. TO achievement was significantly associated with improved overall survival (p < 0.01) and disease-free survival (p < 0.01). In the univariate analysis, factors associated with failure to achieve TO included age, body mass index, tumor location and stage, neoadjuvant treatment, and type of gastrectomy. In the multivariate analysis, only BMI > 30 and tumor of the lesser curvature treatment remained significantly associated with failure to achieve TO. TO is associated with improved overall and disease-free survival in patients undergoing surgery for gastric cancer. BMI < 30 and tumor of the lesser curvature were independently associated with a higher rate of TO.",publication; PubMed; gastric cancer; drug development,10.1002/wjs.70577,https://pubmed.ncbi.nlm.nih.gov/42746996/,publication,
PMID:42742874,Intratumoral PD-1+LAG-3+CD8+ T cells are associated with improved prognosis in gastric cancer.,"PD-1 and LAG-3 are frequently used as markers of T cell exhaustion, yet the prognostic relevance and phenotypic characteristics of PD-1+LAG-3+CD8+ T cells in gastric cancer (GC) remain poorly defined. This study aimed to investigate their association with clinical outcomes and characterize their immune characteristics across independent GC cohorts. Four independent GC cohorts were analyzed: the Zhongshan Hospital cohort (ZSGC, n = 298), The Cancer Genome Atlas cohort (TCGA, n = 371), an Immune Checkpoint Blockade cohort (ICB, n = 45), and the Yonsei cohort (n = 433). Intratumoral PD-1+LAG-3+CD8+ T cell infiltration was quantified by immunofluorescence staining and transcriptomic gene signature scoring. Survival analysis was performed using Kaplan-Meier estimation and multivariate Cox regression. Functional characterization was performed by flow cytometry on resected GC tissue. The immune microenvironment composition was evaluated using computational analyses. PD-1+LAG-3+CD8+ T cells were enriched within tumors compared to adjacent normal mucosa, and their infiltration correlated with advanced tumor stage, poor differentiation, microsatellite instability, and Epstein-Barr virus (EBV)-positive molecular subtypes. High intratumoral infiltration was significantly associated with improved overall survival in both the ZSGC and TCGA cohorts, whereas single-positive PD-1+CD8+ or LAG-3+CD8+ T cells showed no such association. In the ICB cohort, higher infiltration was associated with a higher response rate to pembrolizumab. Intratumoral PD-1+LAG-3+CD8+ T cells exhibit an activated phenotype characterized by increased expression of CD137, IFN-γ, perforin, and CXCL13, along with elevated TCF7 and lower PD-1 levels, suggesting a tumor-reactive, pre-exhausted state. High infiltration was further associated with an immune-active tumor microenvironment. High intratumoral infiltration of PD-1+LAG-3+CD8+ T cells is associated with favorable prognosis and an immune-active microenvironment in GC. These cells display phenotypic features consistent with a pre-exhausted state and may serve as independent prognostic biomarkers and candidate predictive biomarkers for immunotherapy stratification.",publication; PubMed; gastric cancer; drug development,10.1007/s12032-026-03384-6,https://pubmed.ncbi.nlm.nih.gov/42742874/,publication,
PMID:42742872,"Induction FLOT Chemotherapy Prior to Neoadjuvant Chemoradiotherapy in the Treatment of Lower Esophageal and Proximal Gastric Adenocarcinoma: A Phase II, Single-Arm Clinical Trial.","Selecting the most effective treatment strategy for patients with distal esophageal and proximal gastric adenocarcinoma remains a clinical challenge. Although existing evidence supports the use of adjuvant therapies, the optimal sequencing of these treatments is still debated. Given that distant metastasis is the most common cause of death in this patient population, early initiation of systemic therapy may theoretically improve survival. This study aimed to evaluate the effectiveness of using the FLOT chemotherapy regimen as induction therapy before neoadjuvant chemoradiotherapy in treating distal esophageal and proximal gastric cancer. In this single-arm, phase II clinical trial, patients with resectable, locally advanced adenocarcinoma of the distal esophagus and proximal stomach (T1-T4b, N0-N3, M0) who presented at two teaching hospitals affiliated with Mashhad University of Medical Sciences (Imam Reza and Omid Hospitals, Mashhad, Iran) were screened for eligibility. Eligible patients received two cycles of induction FLOT chemotherapy. This was followed by neoadjuvant chemoradiotherapy consisting of weekly paclitaxel and carboplatin, with a total radiotherapy dose of 45-50.4 Gy delivered in 1.8-2 Gy/fraction. Surgery was performed 4-6 weeks after completion of chemoradiotherapy. The primary endpoint was pathological tumor response. Among the 57 enrolled patients, 40 (70.2%) underwent surgical resection and pathological evaluation (mean age: 56.5 ± 8.9 years, range: 24-64). Based on abdominal CT and/or endoscopic ultrasound (EUS), most tumors were staged as T3 (23 patients, 40.4%) and N1 (26 patients, 45.6%). Induction FLOT was administered to all patients, with 51 patients (89.5%) completing both cycles. Additionally, the majority received more than four weekly cycles of concurrent chemoradiotherapy (42 patients, 73.6%). Pathological examination of surgical specimens revealed a complete pathological response (pCR) in 11 patients (27.5%), partial response in 10 (25%), minimal response in 12 (30%), and poor response in 7 (17.5%). The neoadjuvant regimen was generally well tolerated, with most patients experiencing either no side effects or only Grade 1 hematologic or gastrointestinal toxicity. Induction FLOT chemotherapy followed by neoadjuvant chemoradiotherapy appears to be a safe and well-tolerated treatment strategy for patients with distal esophageal and proximal gastric adenocarcinoma, yielding complete pathological response in approximately one-third of surgically treated and pathologically evaluable patients. IRCT20210706051800N1 on 20,220,919.",publication; PubMed; gastric cancer; drug development,10.1007/s12029-026-01589-6,https://pubmed.ncbi.nlm.nih.gov/42742872/,publication,
NCT03814629,Clinical Study of Weifuchun Treatment on Precancerous Lesions of Gastric Cancer,Phase: EARLY_PHASE1. Status: UNKNOWN. Sponsor: ShuGuang Hospital. Interventions: Weifuchun. Primary outcomes: histopathology is assessing a change; gastroscopy is assessing a change; Clinical symptom score is assessing a change. Enrollment: 120. Primary completion: 2019-09-30.,clinical trial; ClinicalTrials.gov; gastric cancer; trial update,,https://clinicaltrials.gov/study/NCT03814629,clinical_trial_change,
NCT07749586,A Study to Evaluate ARV-6723 Alone and With Pembrolizumab in Participants With Advanced Solid Tumors,"Phase: PHASE1; PHASE2. Status: RECRUITING. Sponsor: Arvinas Inc.. Interventions: ARV-6723; Pembrolizumab; SOC. Primary outcomes: Part A1: Number of Dose-Limiting Toxicities (DLTs) of ARV-6723; Part A1: Number of Participants With Adverse Events (AEs); Part A2: Number of Participants With AEs; Part A2: Overall Response Rate (ORR) by computed tomography/magnetic resonance imaging (CT/MRI) Using Response Evaluation Criteria in Solid Tumors, version 1.1 (RECIST 1.1) Criteria Per Investigator Assessment; Part B: ORR by CT/MRI using RECIST v1.1 Criteria Per Investigator Assessment. Enrollment: 499. Primary completion: 2031-03-31.",clinical trial; ClinicalTrials.gov; gastric cancer; trial update,,https://clinicaltrials.gov/study/NCT07749586,clinical_trial_change,
NCT03957096,A Safety Study of SGN-CD47M in Patients With Solid Tumors,Phase: PHASE1. Status: TERMINATED. Sponsor: Seagen Inc.. Interventions: SGN-CD47M. Primary outcomes: Number of patients with adverse events; Number of patients with laboratory abnormalities; Number of patients with dose-limiting toxicities (DLTs). Enrollment: 16. Primary completion: 2020-09-14.,clinical trial; ClinicalTrials.gov; gastric cancer; trial update,,https://clinicaltrials.gov/study/NCT03957096,clinical_trial_change,
NCT02663427,Serological Screening of Gastric Cancer in Wuxi Region,Phase: NA. Status: UNKNOWN. Sponsor: Wuxi People's Hospital. Interventions: serological examination and gastroscope. Primary outcomes: detection rate of gastric cancer among all group. Enrollment: 5000. Primary completion: 2018-01.,clinical trial; ClinicalTrials.gov; gastric cancer; trial update,,https://clinicaltrials.gov/study/NCT02663427,clinical_trial_change,
NCT02178956,A Study of BBI608 Plus Weekly Paclitaxel to Treat Gastric and Gastro-Esophageal Junction Cancer,"Phase: PHASE3. Status: COMPLETED. Sponsor: Sumitomo Pharma America, Inc.. Interventions: BBI608; Paclitaxel; Placebo. Primary outcomes: Overall Survival. Enrollment: 714. Primary completion: 2017-09-20.",clinical trial; ClinicalTrials.gov; gastric cancer; trial update,,https://clinicaltrials.gov/study/NCT02178956,clinical_trial_change,
NCT05005403,"Study to Assess Adverse Events and Pharmacokinetics in Adult Participants With Non-Small Cell Lung Cancer, Head and Neck Squamous Cell Carcinoma and Other Solid Tumors, Receiving Intravenous Infusion of Azirkitug Alone or in Combination(s) With Budigalimab, Bevacizumab, or Telisotuzumab Adizutecan",Phase: PHASE1. Status: RECRUITING. Sponsor: AbbVie. Interventions: Azirkitug; Budigalimab; Bevacizumab; Telisotuzumab Adizutecan. Primary outcomes: Number of Participants with Adverse Events (AE); Maximum Observed Serum Concentration (Cmax) of Azirkitug; Time to Maximum Observed Serum Concentration (Tmax) of Azirkitug; Terminal Elimination Half-Life (t1/2) of Azirkitug; Area Under the Serum Concentration Versus Time Curve (AUC) of Azirkitug; Azirkitug Antidrug Antibody (ADA); Azirkitug Neutralizing Antidrug Antibody (nADA); Cmax of Budigalimab; Tmax of Budigalimab; t1/2 of Budigalimab; AUC of Budigalimab; Budigalimab ADA; Budigalimab nADA; Cmax of Telisotuzumab Adizutecan; Tmax of Telisotuzumab Adizutecan; t1/2 of Telisotuzumab Adizutecan; AUC of Telisotuzumab Adizutecan; Telisotuzumab Adizutecan ADA; Telisotuzumab Adizutecan nADA. Enrollment: 694. Primary completion: 2027-07.,clinical trial; ClinicalTrials.gov; gastric cancer; trial update,,https://clinicaltrials.gov/study/NCT05005403,clinical_trial_change,
NCT06791083,Clinical Study of Envafolimab Combined With Fruquintinib and Chemotherapy for Neoadjuvant Treatment of Gastric Cancer,Phase: PHASE2. Status: RECRUITING. Sponsor: First Affiliated Hospital of Fujian Medical University. Interventions: Envafolimab; Fruquintinib. Primary outcomes: Major pathological response rate (MPR). Enrollment: 40. Primary completion: 2025-12.,clinical trial; ClinicalTrials.gov; gastric cancer; trial update,,https://clinicaltrials.gov/study/NCT06791083,clinical_trial_change,
NCT00014456,Combination Chemotherapy Plus Filgrastim in Treating Patients With Advanced Solid Tumors,Phase: PHASE1. Status: COMPLETED. Sponsor: Dartmouth-Hitchcock Medical Center. Interventions: filgrastim; docetaxel; gemcitabine hydrochloride. Primary outcomes: Determine the maximal tolerated dose of docetaxel in combination with gemcitabine given intravenously every 2 weeks with pegfilgrastim support; Define dose limiting adverse events associated with the combination. Enrollment: 35. Primary completion: 2005-10.,clinical trial; ClinicalTrials.gov; gastric cancer; trial update,,https://clinicaltrials.gov/study/NCT00014456,clinical_trial_change,
NCT07801027,A Trial of Pembrolizumab With Chemotherapy or Chemoradiotherapy in Participants From India With Different Types of Cancer (MK-3475-G44/KEYNOTE-G44),Phase: PHASE4. Status: NOT_YET_RECRUITING. Sponsor: Merck Sharp & Dohme LLC. Interventions: Pembrolizumab; Cisplatin; 5-Fluorouracil; Oxaliplatin; Capecitabine; Gemcitabine; External Beam Radiotherapy; Brachytherapy. Primary outcomes: Number of Participants Who Experienced One or More Adverse Events (AEs); Number of Participants Who Discontinued Study Intervention Due to an AE. Enrollment: 150. Primary completion: 2030-01-31.,clinical trial; ClinicalTrials.gov; gastric cancer; trial update,,https://clinicaltrials.gov/study/NCT07801027,clinical_trial_change,
NCT04195373,A Safety Study of TMV-018 in Patients With Tumors of the Gastrointestinal Tract,Phase: PHASE1. Status: WITHDRAWN. Sponsor: Themis Bioscience GmbH. Interventions: TMV-018 + 5-FC; TMV-018 + anti-PD-1; TMV-018 + 5-FC + anti-PD-1. Primary outcomes: Frequency of Adverse Events; Determine MTD and dose for phase II. Enrollment: 0. Primary completion: 2020-11-23.,clinical trial; ClinicalTrials.gov; gastric cancer; trial update,,https://clinicaltrials.gov/study/NCT04195373,clinical_trial_change,
NCT06617169,Dose-Escalation of MNPR-101-PCTA-177Lu in Solid Tumors,Phase: PHASE1. Status: ACTIVE_NOT_RECRUITING. Sponsor: Monopar Therapeutics. Interventions: MNPR-101-PCTA-177Lu. Primary outcomes: Identify the dose-limiting toxicities (DLTs) of fractionated MNPR-101-PCTA-177Lu dosing and their frequency; Incidence of Treatment-Emergent Adverse Events [Safety and Tolerability] of fractionated MNPR-101-PCTA-177Lu dosing. Enrollment: 12. Primary completion: 2027-01.,clinical trial; ClinicalTrials.gov; gastric cancer; trial update,,https://clinicaltrials.gov/study/NCT06617169,clinical_trial_change,
NCT05535569,"Phase Ib/II Study to Evaluate the Safety and Efficacy of Nivolumab in Combination With Paclitaxel in Epstein-Barr Virus(EBV)-Related, or Microsatellite Instability-High (MSI-H), or Programmed Cell Death Ligand 1 (PD-L1) Positive Advanced Gastric Cancer","Phase: PHASE1; PHASE2. Status: COMPLETED. Sponsor: Yonsei University. Interventions: Nivolumab, Paclitaxel. Primary outcomes: (Phase Ib) Maximum Tolerated dose (MTD); (Phase Ib) Recommended phase 2 dose; (Phase II) PFS. Enrollment: 50. Primary completion: 2021-11-22.",clinical trial; ClinicalTrials.gov; gastric cancer; trial update,,https://clinicaltrials.gov/study/NCT05535569,clinical_trial_change,
NCT00062257,Irofulven in Treating Patients With Recurrent or Metastatic Gastric Cancer,Phase: PHASE2. Status: COMPLETED. Sponsor: Cancer Therapeutics Research Group. Interventions: irofulven. Primary outcomes: not reported. Enrollment: not reported. Primary completion: not reported.,clinical trial; ClinicalTrials.gov; gastric cancer; trial update,,https://clinicaltrials.gov/study/NCT00062257,clinical_trial_change,
NCT04656002,"As a Second-line Treatment for Metastatic Gastric Adenocarcinoma Patients, the Safety and Effective of Vactosertib Administration in Combination With Paclitaxel+Ramucirumab is Evaluated, and a Phase 2a Clinical Trial to Biomarkers",Phase: PHASE2. Status: UNKNOWN. Sponsor: Samsung Medical Center. Interventions: Vactosertib. Primary outcomes: Objective response rate. Enrollment: 43. Primary completion: 2023-12.,clinical trial; ClinicalTrials.gov; gastric cancer; trial update,,https://clinicaltrials.gov/study/NCT04656002,clinical_trial_change,
NCT03941561,S-1 for 9 Months Versus 1 Year for Stage II Gastric Cancer (SMAC）,Phase: PHASE3. Status: RECRUITING. Sponsor: Fudan University. Interventions: S-1 for 9 months; S-1 for 1 year. Primary outcomes: DFS. Enrollment: 1006. Primary completion: 2022-01-01.,clinical trial; ClinicalTrials.gov; gastric cancer; trial update,,https://clinicaltrials.gov/study/NCT03941561,clinical_trial_change,
NCT07483554,IBI343 in Combination Therapy for Advanced Malignant Solid Tumors,"Phase: PHASE2. Status: RECRUITING. Sponsor: Innovent Biologics (Suzhou) Co. Ltd.. Interventions: IBI343,Gemcitabine, Albumin-bound Paclitaxel. Primary outcomes: Objective Response Rate (ORR) evaluated according to RECIST v1.1; Incidence of Adverse Events (AE); Incidence of treatment-emergent adverse Events (TEAE); Incidence of adverse events of Special Interest (AESI); Incidence of serious adverse events (SAE); Number of participants with abnormal laboratory tests results; Number of subjects with clinically significant changes in physical examination results; Number of subjects with clinically significant changes in vital signs. Enrollment: 389. Primary completion: 2028-03-31.",clinical trial; ClinicalTrials.gov; gastric cancer; trial update,,https://clinicaltrials.gov/study/NCT07483554,clinical_trial_change,
NCT01291407,A Phase I Study of S-1 in Combination With Radiotherapy in Locally Advanced or Recurrent Gastric Cancer,"Phase: PHASE1. Status: COMPLETED. Sponsor: Chinese Academy of Medical Sciences. Interventions: S-1; S-1; S-1; S-1; S-1; S-1. Primary outcomes: To define dose limited toxicities(DLT) of S-1, peroral BID, in treatment days concurrently with radiation therapy (RT) in locally advanced or recurrent gastric cancer.. Enrollment: 27. Primary completion: 2013-08.",clinical trial; ClinicalTrials.gov; gastric cancer; trial update,,https://clinicaltrials.gov/study/NCT01291407,clinical_trial_change,
NCT02570399,High Dose SBRT for Abdominal-Pelvic Lymph Nodal Lesions in Oligometastatic Patients,Phase: NA. Status: UNKNOWN. Sponsor: Istituto Clinico Humanitas. Interventions: Oligometastatic patients with abdominal-pelvic lymph nodes. Primary outcomes: Feasibility in terms of toxicity related to radiation therapy. Enrollment: 55. Primary completion: 2019-03-26.,clinical trial; ClinicalTrials.gov; gastric cancer; trial update,,https://clinicaltrials.gov/study/NCT02570399,clinical_trial_change,
NCT05975749,Adjuvant Serplulimab and Trastuzuma and Chemotherapy in Her-2+ Gastric Cancer,Phase: PHASE2. Status: RECRUITING. Sponsor: Fudan University. Interventions: Serplulimab; Trastuzuma; Chemotherapy. Primary outcomes: Disease-free survival. Enrollment: 114. Primary completion: 2026-01-01.,clinical trial; ClinicalTrials.gov; gastric cancer; trial update,,https://clinicaltrials.gov/study/NCT05975749,clinical_trial_change,
NCT04641455,Use of Mucolytic Solution Before Upper Endoscopy,"Phase: NA. Status: UNKNOWN. Sponsor: Vitkovice Hospital. Interventions: Espumisan, N acetylcystein; Espumisan, N acetylcystein; Water. Primary outcomes: Visibility score"" evaluated by blinded performing endoscopist. Enrollment: 120. Primary completion: 2021-05-30.",clinical trial; ClinicalTrials.gov; gastric cancer; trial update,,https://clinicaltrials.gov/study/NCT04641455,clinical_trial_change,
NCT05618821,Clinical Outcomes of Indocyanine Green Tracer Using in Laparoscopic Gastrectomy With Lymph Node Dissection for Remnant Gastric Cancer,Phase: PHASE2. Status: RECRUITING. Sponsor: Fujian Medical University. Interventions: Indocyanine Green Tracer. Primary outcomes: Total Number of Retrieved Lymph Nodes. Enrollment: 68. Primary completion: 2025-04-01.,clinical trial; ClinicalTrials.gov; gastric cancer; trial update,,https://clinicaltrials.gov/study/NCT05618821,clinical_trial_change,
NCT04937738,Perioperative Chemotherapy in Gastric Cancer,Phase: PHASE2. Status: TERMINATED. Sponsor: Ukrainian Society of Clinical Oncology. Interventions: Docetaxel; Oxaliplatin; Leucovorin; Fluorouracil; Capecitabine; Oxaliplatin. Primary outcomes: Proportion of patients who complete all the treatment per protocol. Enrollment: 69. Primary completion: 2023-02-01.,clinical trial; ClinicalTrials.gov; gastric cancer; trial update,,https://clinicaltrials.gov/study/NCT04937738,clinical_trial_change,
NCT02789826,Laparoscopic Versus Open Resection of Cancer Stomach,Phase: NA. Status: COMPLETED. Sponsor: Assiut University. Interventions: Laparoscopic gastrectomy; Open gastrectomy. Primary outcomes: The number of lymph nodes in the postoperative spicement.. Enrollment: 73. Primary completion: 2019-12.,clinical trial; ClinicalTrials.gov; gastric cancer; trial update,,https://clinicaltrials.gov/study/NCT02789826,clinical_trial_change,
NCT06563063,Finding ED90 of Flumazenil for Selective Improvement of Respiratory Distress by Remimazolam,Phase: NA. Status: COMPLETED. Sponsor: Yonsei University. Interventions: Flumazenil. Primary outcomes: Whether it was successful or unsuccessful to improve the patient's respiratory distress. Enrollment: 60. Primary completion: 2023-12-01.,clinical trial; ClinicalTrials.gov; gastric cancer; trial update,,https://clinicaltrials.gov/study/NCT06563063,clinical_trial_change,
NCT02572687,A Study of Ramucirumab (LY3009806) Plus MEDI4736 in Participants With Advanced Gastrointestinal or Thoracic Malignancies,Phase: PHASE1. Status: COMPLETED. Sponsor: Eli Lilly and Company. Interventions: Ramucirumab; MEDI4736. Primary outcomes: Number of Participants with Dose Limiting Toxicities (DLTs). Enrollment: 85. Primary completion: 2018-03-27.,clinical trial; ClinicalTrials.gov; gastric cancer; trial update,,https://clinicaltrials.gov/study/NCT02572687,clinical_trial_change,
NCT02644148,Uncut Roux-en-Y Gastrojejunostomy for Early Gastric Cancer Patients,Phase: PHASE2. Status: UNKNOWN. Sponsor: The First Affiliated Hospital with Nanjing Medical University. Interventions: Conventional Roux-en-Y Gastrojejunostomy; Uncut Roux-en-Y Gastrojejunostomy. Primary outcomes: Quality of life. Enrollment: 150. Primary completion: 2018-02.,clinical trial; ClinicalTrials.gov; gastric cancer; trial update,,https://clinicaltrials.gov/study/NCT02644148,clinical_trial_change,
NCT05094336,A Study of Anvumetostat in Participants With Advanced MTAP-null Solid Tumors (MTAPESTRY 101),Phase: PHASE1; PHASE2. Status: ACTIVE_NOT_RECRUITING. Sponsor: Amgen. Interventions: Anvumetostat; Docetaxel; Comparator Anvumetostat Test Tablet. Primary outcomes: Parts 1 and 2: Number of Participants Who Experience a Dose-Limiting Toxicity (DLT); Parts 1 and 2: Number of Participants Who Experience a Treatment-emergent Adverse Event (TEAE); Part 3: Objective Response Rate (ORR). Enrollment: 329. Primary completion: 2026-11-30.,clinical trial; ClinicalTrials.gov; gastric cancer; trial update,,https://clinicaltrials.gov/study/NCT05094336,clinical_trial_change,
NCT03891784,"Abemaciclib in Treating Patients With Advanced, Refractory, and Unresectable Digestive System Neuroendocrine Tumors",Phase: PHASE2. Status: ACTIVE_NOT_RECRUITING. Sponsor: University of Washington. Interventions: Abemaciclib. Primary outcomes: Objective response rate (ORR). Enrollment: 20. Primary completion: 2025-11-01.,clinical trial; ClinicalTrials.gov; gastric cancer; trial update,,https://clinicaltrials.gov/study/NCT03891784,clinical_trial_change,
NCT07178340,Perioperative Therapy for HER2-negative Hepatoid Adenocarcinoma of Stomach,"Phase: PHASE2. Status: RECRUITING. Sponsor: Peking University Cancer Hospital & Institute. Interventions: Perioperative treatment with albumin-bound paclitaxel, oxaliplatin, tegafur,gimeracil and oteracil porassium capsules and sintilimab.. Primary outcomes: pathological complete response rate. Enrollment: 30. Primary completion: 2027-09-20.",clinical trial; ClinicalTrials.gov; gastric cancer; trial update,,https://clinicaltrials.gov/study/NCT07178340,clinical_trial_change,
NCT07312760,Existential Distress in Advanced Cancer: Comparing a Short-term Psychodynamic Psychotherapy (ORPHYS) to Treatment as Usual (TAU),"Phase: NA. Status: RECRUITING. Sponsor: Universitätsklinikum Hamburg-Eppendorf. Interventions: ORPHYS (ShORt-term psychodynamic psychotherapy in serious PHYSical illness); TAU (Treatment As Usual: Standard psycho-oncological care). Primary outcomes: Demoralization assessed via the Demoralization Scale-II (DS-II; Robinson et al., 2016; Koranyi et al., 2021). Enrollment: 160. Primary completion: 2026-12.",clinical trial; ClinicalTrials.gov; gastric cancer; trial update,,https://clinicaltrials.gov/study/NCT07312760,clinical_trial_change,
NCT03614650,Immunotherapy Treating GI Cancer,Phase: PHASE1; PHASE2. Status: NOT_YET_RECRUITING. Sponsor: Shenzhen Geno-Immune Medical Institute. Interventions: engineered immune cells. Primary outcomes: percentage of adverse effects after EIE cell injection. Enrollment: 100. Primary completion: 2028-06-30.,clinical trial; ClinicalTrials.gov; gastric cancer; trial update,,https://clinicaltrials.gov/study/NCT03614650,clinical_trial_change,
NCT03196791,Compare the Oncological Benefit of Deep Neuromuscular Block in Gastric Cancer Obesity Patient,Phase: PHASE3. Status: COMPLETED. Sponsor: Korea University Anam Hospital. Interventions: Sugammadex Sodium. Primary outcomes: Number of Retrieved Lymph Nodes Per Participant. Enrollment: 196. Primary completion: 2020-08-09.,clinical trial; ClinicalTrials.gov; gastric cancer; trial update,,https://clinicaltrials.gov/study/NCT03196791,clinical_trial_change,
NCT06346080,Molecular Analysis for Gastro-Esophageal Cancer: Multicenter Discrete Choice Experiment,Phase: NA. Status: RECRUITING. Sponsor: KU Leuven. Interventions: Survey. Primary outcomes: The rate of contribution of diagnostic features to the preference of participants; The percentage differences in preference of participants between geographical regions. Enrollment: 2200. Primary completion: 2026-08-01.,clinical trial; ClinicalTrials.gov; gastric cancer; trial update,,https://clinicaltrials.gov/study/NCT06346080,clinical_trial_change,
NCT06056024,A Study to Test How Well Different Doses of BI 3706674 Are Tolerated by People With Advanced Cancer in the Stomach and Oesophagus,Phase: PHASE1. Status: COMPLETED. Sponsor: Boehringer Ingelheim. Interventions: BI 3706674. Primary outcomes: Part A: Occurrence of dose limiting toxicities (DLTs) in the maximum tolerated dose (MTD) evaluation period; Part B: Occurrence of drug-related adverse events (AEs) ≥ Common Terminology Criteria for Adverse Events (CTCAE) Grade 3 during the on-treatment period; Part C: Objective response (OR) based on central assessment. Enrollment: 47. Primary completion: 2025-12-17.,clinical trial; ClinicalTrials.gov; gastric cancer; trial update,,https://clinicaltrials.gov/study/NCT06056024,clinical_trial_change,
NCT04182724,"Camrelizumab, Apatinib and Nab-paclitaxel as Second-line Treatment in Advanced Gastric Cancer","Phase: PHASE1; PHASE2. Status: UNKNOWN. Sponsor: Chinese PLA General Hospital. Interventions: Camrelizumab, Apatinib and Nab-paclitaxel. Primary outcomes: MTD /DLT (phase I); ORR(phase II). Enrollment: 57. Primary completion: 2021-05-12.",clinical trial; ClinicalTrials.gov; gastric cancer; trial update,,https://clinicaltrials.gov/study/NCT04182724,clinical_trial_change,
NCT02585362,Whey Protein Supplement in Combination With Physical Exercise and Nutrition Program,Phase: NA. Status: COMPLETED. Sponsor: Kantonsspital Winterthur KSW. Interventions: physical exercise; nutrition counseling; whey protein supplement. Primary outcomes: Change in physical performance. Enrollment: 52. Primary completion: 2018-10.,clinical trial; ClinicalTrials.gov; gastric cancer; trial update,,https://clinicaltrials.gov/study/NCT02585362,clinical_trial_change,
NCT05395910,Pressurized Intraperitoneal Aerosol Chemotherapy (PIPAC) and Electrostatic PIPAC (ePIPAC) With Paclitaxel In Patients With Peritoneal Carcinomatosis,"Phase: PHASE1. Status: UNKNOWN. Sponsor: National University Hospital, Singapore. Interventions: Paclitaxel. Primary outcomes: Tolerability of PIPAC /ePIPAC with Paclitaxel by monitoring dose limiting toxicities; Safety Profile of PIPAC/ePIPAC with Paclitaxel by monitoring adverse events. Enrollment: 36. Primary completion: 2025-12-31.",clinical trial; ClinicalTrials.gov; gastric cancer; trial update,,https://clinicaltrials.gov/study/NCT05395910,clinical_trial_change,
NCT01794793,Study to Allow Access to Pasireotide for Patients Benefiting From Pasireotide Treatment in Novartis-sponsored Studies,Phase: PHASE4. Status: COMPLETED. Sponsor: RECORDATI GROUP. Interventions: Pasireotide; Cabergoline; Pasireotide LAR. Primary outcomes: Incidence of Adverse Events to Evaluate Long Term Safety Data. Enrollment: 337. Primary completion: 2023-07-25.,clinical trial; ClinicalTrials.gov; gastric cancer; trial update,,https://clinicaltrials.gov/study/NCT01794793,clinical_trial_change,
NCT00511576,Study to Evaluate Combination Treatment of MGCD0103 and Docetaxel (Taxotere®) for Subjects With Advanced Cancer Tumors,"Phase: PHASE1. Status: TERMINATED. Sponsor: Mirati Therapeutics Inc.. Interventions: MGCD0103 & Docetaxel. Primary outcomes: To determine the maximum tolerated dose (MTD), dose limiting toxicities (DLTs), and safety profile of escalating doses of orally administered MGCD0103 in combination with two fixed doses (60 mg/m2 and 75 mg/m2) of IV docetaxel.; To assess the plasma pharmacokinetics (PK) of MGCD0103 (and/or its metabolites) and IV docetaxel administered in combination.; To evaluate potential pharmacodynamic (PD) effects of orally administered MGCD0103 in combination with IV docetaxel.; To determine the overall tumor response of orally administered MGCD0103 in combination with IV docetaxel according to Response Evaluation Criteria in Solid Tumors (RECIST) methodology.. Enrollment: 54. Primary completion: 2009-03.",clinical trial; ClinicalTrials.gov; gastric cancer; trial update,,https://clinicaltrials.gov/study/NCT00511576,clinical_trial_change,
NCT00006389,Bryostatin 1 and Cisplatin in Treating Patients With Metastatic or Unresectable Stomach Cancer,Phase: PHASE2. Status: COMPLETED. Sponsor: National Cancer Institute (NCI). Interventions: bryostatin 1; cisplatin; laboratory biomarker analysis. Primary outcomes: Observed Response Rate.. Enrollment: 12. Primary completion: 2010-03.,clinical trial; ClinicalTrials.gov; gastric cancer; trial update,,https://clinicaltrials.gov/study/NCT00006389,clinical_trial_change,
NCT03061162,Pulsed Low Dose Rate Radiation Therapy for Gastric Cancer Patients With Peritoneal Metastasis,Phase: NA. Status: UNKNOWN. Sponsor: Yang Yang. Interventions: pulsed low dose rate radiation therapy. Primary outcomes: Side effects of pulsed low dose rate radiation therapy. Enrollment: 40. Primary completion: 2020-03-01.,clinical trial; ClinicalTrials.gov; gastric cancer; trial update,,https://clinicaltrials.gov/study/NCT03061162,clinical_trial_change,
NCT00960349,Study of Cediranib Plus Cisplatin Plus Capecitabine/S-1 in Japanese Gastric Cancer Patients,"Phase: PHASE1. Status: COMPLETED. Sponsor: AstraZeneca. Interventions: Cediranib; Cisplatin; S-1; Cisplatin; Capecitabine. Primary outcomes: Safety of each treatment arm will be measured in terms of adverse events, vital signs, clinical chemistry, haematology, urinalysis, electrocardiogram, and physical examinations.. Enrollment: 14. Primary completion: 2010-01.",clinical trial; ClinicalTrials.gov; gastric cancer; trial update,,https://clinicaltrials.gov/study/NCT00960349,clinical_trial_change,
NCT03430440,Comparison of Analgesic Effects According to Patient-controlled Epidural Analgesia Modes in Patients Undergoing Open Gastrectomy,Phase: NA. Status: UNKNOWN. Sponsor: Yonsei University. Interventions: Apply CIPKA mode; Conventional mode. Primary outcomes: Postoperative pain (numerical rating scale: 0 ~ 10). Enrollment: 76. Primary completion: 2020-11-11.,clinical trial; ClinicalTrials.gov; gastric cancer; trial update,,https://clinicaltrials.gov/study/NCT03430440,clinical_trial_change,
NCT06157216,Minimal Residual Disease-guided Adjuvant Therapy for Gastric Cancer,Phase: NA. Status: ACTIVE_NOT_RECRUITING. Sponsor: Qilu Hospital of Shandong University. Interventions: MRD-guided therapy. Primary outcomes: 3-year Disease-Free Survival (DFS) rate. Enrollment: 65. Primary completion: 2027-04-01.,clinical trial; ClinicalTrials.gov; gastric cancer; trial update,,https://clinicaltrials.gov/study/NCT06157216,clinical_trial_change,
NCT05707338,Short-term Outcomes of Laparoscopic Versus Open Gastrectomy With Lymph Node Dissection for Early Gastric Cancer :a Randomized Controlled Study,Phase: NA. Status: UNKNOWN. Sponsor: Sohag University. Interventions: Gastrectomy with lymph node dissection. Primary outcomes: early postoperative complications. Enrollment: 40. Primary completion: 2024-09.,clinical trial; ClinicalTrials.gov; gastric cancer; trial update,,https://clinicaltrials.gov/study/NCT05707338,clinical_trial_change,
NCT00003748,Irinotecan in Treating Patients With Esophageal or Stomach Cancer,Phase: PHASE2. Status: COMPLETED. Sponsor: Jonsson Comprehensive Cancer Center. Interventions: irinotecan hydrochloride. Primary outcomes: To determine the antitumor activity of irinotecan hydrochloride (CPT-11) in patients with unresectable adenocarcinoma of the esophagus and gastric cardia who have failed prior chemotherapy. Enrollment: 40. Primary completion: 2000-06.,clinical trial; ClinicalTrials.gov; gastric cancer; trial update,,https://clinicaltrials.gov/study/NCT00003748,clinical_trial_change,
NCT00002615,Surgery With or Without Combination Chemotherapy in Treating Patients With Stomach Cancer,Phase: PHASE3. Status: COMPLETED. Sponsor: Medical Research Council. Interventions: cisplatin; epirubicin hydrochloride; fluorouracil; conventional surgery. Primary outcomes: not reported. Enrollment: 500. Primary completion: not reported.,clinical trial; ClinicalTrials.gov; gastric cancer; trial update,,https://clinicaltrials.gov/study/NCT00002615,clinical_trial_change,
NCT05606549,Effect of MSD on FCR Among Gastric Cancer Survivors,Phase: NA. Status: UNKNOWN. Sponsor: University of Malaya. Interventions: Marital self disclosure. Primary outcomes: Fear of Progression Questionnaire-Short form (FoP-Q-SF) for Patients; Fear of Progression Questionnaire-Short form (FoP-Q-SF) for Partners. Enrollment: 84. Primary completion: 2023-10-25.,clinical trial; ClinicalTrials.gov; gastric cancer; trial update,,https://clinicaltrials.gov/study/NCT05606549,clinical_trial_change,
NCT05187338,Triplex Checkpoint Inhibitors Therapy for Advanced Solid Tumors,Phase: PHASE1; PHASE2. Status: RECRUITING. Sponsor: Second Affiliated Hospital of Guangzhou Medical University. Interventions: ipilimumab +pembrolizumab +durvalumab. Primary outcomes: Safety of 3 drugs combination treatment; Progression-free survival; Disease control rate; Duration of remission (DOR). Enrollment: 100. Primary completion: 2029-10-30.,clinical trial; ClinicalTrials.gov; gastric cancer; trial update,,https://clinicaltrials.gov/study/NCT05187338,clinical_trial_change,
NCT04276493,Anti-HER2 Bispecific Antibody Zanidatamab (ZW25) Activity in Combination With Chemotherapy With/Without Tislelizumab,Phase: PHASE1; PHASE2. Status: COMPLETED. Sponsor: BeiGene. Interventions: Zanidatamab; Docetaxel; Tislelizumab; Capecitabine; Oxaliplatin. Primary outcomes: Number of Participants Experiencing Adverse Events (AEs) and Serious Adverse Events (SAEs); Objective Response Rate (ORR). Enrollment: 71. Primary completion: 2023-12-07.,clinical trial; ClinicalTrials.gov; gastric cancer; trial update,,https://clinicaltrials.gov/study/NCT04276493,clinical_trial_change,
NCT01197885,Efficacy and Safety Study of Multiple Doses of IMAB362 in Patients With Advanced Gastroesophageal Cancer,"Phase: PHASE2. Status: COMPLETED. Sponsor: Ganymed Pharmaceuticals GmbH. Interventions: IMAB362. Primary outcomes: Rate of remission (CR, PR) according to RECIST Criteria. Enrollment: 54. Primary completion: 2015-08-13.",clinical trial; ClinicalTrials.gov; gastric cancer; trial update,,https://clinicaltrials.gov/study/NCT01197885,clinical_trial_change,
NCT03579784,Biomarker-oriented Study of Durvalumab (MEDI4736) in Combination With Olaparib and Paclitaxel in Gastric Cancer,Phase: PHASE2. Status: UNKNOWN. Sponsor: Do-Youn Oh. Interventions: Paclitaxel; Olaparib; Durvalumab. Primary outcomes: Disease control rate. Enrollment: 40. Primary completion: 2024-12-31.,clinical trial; ClinicalTrials.gov; gastric cancer; trial update,,https://clinicaltrials.gov/study/NCT03579784,clinical_trial_change,
NCT00737438,Pre-operative Chemotherapy Plus Bevacizumab With Early Salvage Therapy Based on PET Assessment of Response in Patients With Locally Advanced But Resectable Gastric and GEJ Adenocarcinoma,"Phase: PHASE2. Status: COMPLETED. Sponsor: Memorial Sloan Kettering Cancer Center. Interventions: epirubicin, cisplatin, capecitabine, bevacizumab, docetaxel and irinotecan. Primary outcomes: Overall Response Will be Characterized by the Patient's FDG-PET Scan. Enrollment: 22. Primary completion: 2015-02.",clinical trial; ClinicalTrials.gov; gastric cancer; trial update,,https://clinicaltrials.gov/study/NCT00737438,clinical_trial_change,
NCT05183126,Pharmacokinetic Study of Skeletal Muscle Area-based Paclitaxel Infusion in Patients With Cancer,Phase: PHASE4. Status: RECRUITING. Sponsor: University of Michigan Rogel Cancer Center. Interventions: Paclitaxel; Paclitaxel. Primary outcomes: Maximum concentration (Cmax) of paclitaxel plasma. Enrollment: 22. Primary completion: 2026-11.,clinical trial; ClinicalTrials.gov; gastric cancer; trial update,,https://clinicaltrials.gov/study/NCT05183126,clinical_trial_change,
NCT05899985,Magnetic Sentinel Lymph Node Mapping in Upper Gastro-Intestinal Cancer: A Feasibility Clinical Investigation,Phase: NA. Status: ACTIVE_NOT_RECRUITING. Sponsor: Ferronova Pty Ltd. Interventions: FerroTrace® and FerroMag Sentinel Lymph Node Mapping (SLNM) System. Primary outcomes: SLN detection rate; Ultra-staging diagnostic value; Surgical quality. Enrollment: 60. Primary completion: 2026-05-30.,clinical trial; ClinicalTrials.gov; gastric cancer; trial update,,https://clinicaltrials.gov/study/NCT05899985,clinical_trial_change,
NCT05753306,"Robotic Cytoreduction and Hyperthermic Intraperitoneal Chemotherapy for Treatment of Gastric Cancer With Limited Peritoneal Metastasis, ROBO-CHIP Study",Phase: PHASE2. Status: RECRUITING. Sponsor: Mayo Clinic. Interventions: Cisplatin; Computed Tomography; Gastrectomy; Magnetic Resonance Imaging; Positron Emission Tomography; Questionnaire Administration; Paclitaxel; Hyperthermic Intraperitoneal Chemotherapy. Primary outcomes: Hospital length of stay; 30 day readmission rate; Adverse Events. Enrollment: 40. Primary completion: 2030-03-25.,clinical trial; ClinicalTrials.gov; gastric cancer; trial update,,https://clinicaltrials.gov/study/NCT05753306,clinical_trial_change,
NCT00976976,"Adjuvant Chemotherapy With Docetaxel, Capecitabine and Cisplatin in Patients With Advanced Gastric Cancer: Adjuvant DXP","Phase: PHASE2. Status: COMPLETED. Sponsor: Asan Medical Center. Interventions: docetaxel, capecitabine, cisplatin. Primary outcomes: This protocol will evaluate the possible benefit of adjuvant docetaxel, capecitabine, and cisplatin combination chemotherapy in patients with resected gastric cancer pathologic stage IIIB and IV in terms of relapse free survival.. Enrollment: 46. Primary completion: 2011-09.",clinical trial; ClinicalTrials.gov; gastric cancer; trial update,,https://clinicaltrials.gov/study/NCT00976976,clinical_trial_change,
NCT06582849,Enhanced Assistance During Radiotherapy for Unmet Essential Needs,Phase: NA. Status: COMPLETED. Sponsor: Washington University School of Medicine. Interventions: Standard assistance; Enhanced assistance. Primary outcomes: Delay-free completion of radiotherapy. Enrollment: 33. Primary completion: 2025-08-08.,clinical trial; ClinicalTrials.gov; gastric cancer; trial update,,https://clinicaltrials.gov/study/NCT06582849,clinical_trial_change,
NCT07400315,First-line Treatment of Gastric or Gastroesophageal Junction Adenocarcinoma With Dual Immunotherapy Combined With Chemotherapy,Phase: PHASE2. Status: NOT_YET_RECRUITING. Sponsor: The First Affiliated Hospital with Nanjing Medical University. Interventions: Iparomlimab and Tuvonralimab Injection in combination with TFOX. Primary outcomes: Median progression-free survival. Enrollment: 64. Primary completion: 2028-12-31.,clinical trial; ClinicalTrials.gov; gastric cancer; trial update,,https://clinicaltrials.gov/study/NCT07400315,clinical_trial_change,
NCT02557932,Comparison of 7-day PPI-based Standard Triple Therapy and 10-day Bismuth Quadruple Therapy for H. Pylori Eradication,"Phase: PHASE3. Status: COMPLETED. Sponsor: National Cancer Center, Korea. Interventions: Standard triple therapy; Bismuth quadruple therapy. Primary outcomes: H. pylori eradication rate. Enrollment: 352. Primary completion: 2018-12.",clinical trial; ClinicalTrials.gov; gastric cancer; trial update,,https://clinicaltrials.gov/study/NCT02557932,clinical_trial_change,
NCT00447226,"Randomized Discontinuation Study of Lapatinib Versus Placebo in Subjects With Documented Tumor Progression After Chemotherapy, or Where no Approved Therapy Exists",Phase: PHASE2. Status: TERMINATED. Sponsor: GlaxoSmithKline. Interventions: Oral lapatinib tablets or placebo tablets. Primary outcomes: Number of Participants With the Indicated Tumor Response at 12 Weeks From First Dose; Percentage of Participants Who Remained Progression-free 12 Weeks After Randomization. Enrollment: 32. Primary completion: 2009-05.,clinical trial; ClinicalTrials.gov; gastric cancer; trial update,,https://clinicaltrials.gov/study/NCT00447226,clinical_trial_change,
NCT02539225,A Study of Ramucirumab in Participants With Gastric or Gastroesophageal Junction Adenocarcinoma,Phase: PHASE2. Status: COMPLETED. Sponsor: Eli Lilly and Company. Interventions: Ramucirumab; Placebo; S-1; Oxaliplatin; Paclitaxel. Primary outcomes: Progression Free Survival (PFS). Enrollment: 191. Primary completion: 2017-10-25.,clinical trial; ClinicalTrials.gov; gastric cancer; trial update,,https://clinicaltrials.gov/study/NCT02539225,clinical_trial_change,
NCT00678535,Erbitux in Combination With Xeloda and Cisplatin in Advanced Esophago-gastric Cancer,"Phase: PHASE3. Status: COMPLETED. Sponsor: Merck KGaA, Darmstadt, Germany. Interventions: Cetuximab; Capecitabine; Cisplatin. Primary outcomes: Progression-free Survival (PFS) Time: Independent Review Committee (IRC) Assessments. Enrollment: 904. Primary completion: 2012-03.",clinical trial; ClinicalTrials.gov; gastric cancer; trial update,,https://clinicaltrials.gov/study/NCT00678535,clinical_trial_change,
NCT03599778,XELOX Combined With Apatinib as Post-operative Chemotherapy in Locally Advanced Gastric Adenocarcinoma,Phase: PHASE1; PHASE2. Status: UNKNOWN. Sponsor: Anhui Provincial Hospital. Interventions: Apatinib. Primary outcomes: Disease-free survival (DFS). Enrollment: 52. Primary completion: 2025-01-30.,clinical trial; ClinicalTrials.gov; gastric cancer; trial update,,https://clinicaltrials.gov/study/NCT03599778,clinical_trial_change,
NCT02464215,Effect of Laparoscopy-Assisted Distal Gastrectomy for Locally Advanced Gastric Cancer,Phase: NA. Status: UNKNOWN. Sponsor: Peking University Cancer Hospital & Institute. Interventions: open surgery; laparoscopic surgery. Primary outcomes: Postoperative complication rate. Enrollment: 440. Primary completion: 2020-08-31.,clinical trial; ClinicalTrials.gov; gastric cancer; trial update,,https://clinicaltrials.gov/study/NCT02464215,clinical_trial_change,
NCT04593615,Indocyanine Green Tracer Using in Laparoscopic Radical Gastrectomy for Locally Advanced Gastric Cancer,Phase: NA. Status: ACTIVE_NOT_RECRUITING. Sponsor: Fujian Medical University. Interventions: ICG near-infrared imaging. Primary outcomes: 3-year disease free survival rate. Enrollment: 1070. Primary completion: 2026-08-17.,clinical trial; ClinicalTrials.gov; gastric cancer; trial update,,https://clinicaltrials.gov/study/NCT04593615,clinical_trial_change,
NCT04024917,Impact of Cardiac Coherence on Anxiety in Patients Operated on for a Peritoneal Carcinosis,Phase: NA. Status: RECRUITING. Sponsor: Institut du Cancer de Montpellier - Val d'Aurelle. Interventions: Cardiac coherence; Standard care. Primary outcomes: Cardiac Coherence Program Adherence Rate. Enrollment: 60. Primary completion: 2026-12.,clinical trial; ClinicalTrials.gov; gastric cancer; trial update,,https://clinicaltrials.gov/study/NCT04024917,clinical_trial_change,
NCT05068180,Low-dose Neuroleptanalgesia for Postoperative Delirium in Elderly Patients,Phase: PHASE4. Status: UNKNOWN. Sponsor: RenJi Hospital. Interventions: low-dose neuroleptanalgesia; Placebo. Primary outcomes: Incidences of POD after general anesthesia in elderly patients undergoing non-cardiac major surgery. Enrollment: 200. Primary completion: 2022-04-10.,clinical trial; ClinicalTrials.gov; gastric cancer; trial update,,https://clinicaltrials.gov/study/NCT05068180,clinical_trial_change,
NCT01791374,Phase 1/1b Study of Rilotumumab in Japanese Subjects With Advanced Solid Tumors or Advanced or Metastatic Gastric or GEJ,Phase: PHASE1. Status: COMPLETED. Sponsor: Amgen. Interventions: Rilotumumab; Rilotumumab. Primary outcomes: Part1: Dose-limiting toxicities (DLT) for each dose level of rilotumumab tested; Part 2: Dose-limiting toxicities (DLT) for each dose level of rilotumumab in combination with cisplatin and capecitabine (CX) chemotherapy tested. Enrollment: 21. Primary completion: 2013-08.,clinical trial; ClinicalTrials.gov; gastric cancer; trial update,,https://clinicaltrials.gov/study/NCT01791374,clinical_trial_change,
NCT02283359,Selinexor in Combination With Irinotecan in Adenocarcinoma of Stomach and Distal Esophagus,Phase: PHASE1. Status: TERMINATED. Sponsor: H. Lee Moffitt Cancer Center and Research Institute. Interventions: Selinexor; Irinotecan. Primary outcomes: Maximum Tolerated Dose (MTD). Enrollment: 3. Primary completion: 2015-12.,clinical trial; ClinicalTrials.gov; gastric cancer; trial update,,https://clinicaltrials.gov/study/NCT02283359,clinical_trial_change,
NCT00268346,Gefitinib in Treating Patients With Recurrent or Metastatic Esophageal or Gastroesophageal Junction Cancer,"Phase: PHASE2. Status: COMPLETED. Sponsor: Case Comprehensive Cancer Center. Interventions: ZD1839. Primary outcomes: The Number of Patients With Complete or Partial Response Rate of Single Agent ZD1839 in a Patient Population With Recurrent or Metastatic Cancer of the Esophagus or Gastroesophageal Junction, Using the RECIST 1.0 Criteria.. Enrollment: 58. Primary completion: 2011-01.",clinical trial; ClinicalTrials.gov; gastric cancer; trial update,,https://clinicaltrials.gov/study/NCT00268346,clinical_trial_change,
NCT00004127,Oxaliplatin Combined With Fluorouracil and Leucovorin in Treating Patients With Recurrent or Metastatic Cancer of the Esophagus or Stomach,Phase: PHASE2. Status: COMPLETED. Sponsor: University of Chicago. Interventions: FOLFOX regimen; fluorouracil; leucovorin calcium; oxaliplatin. Primary outcomes: Clinical response rate. Enrollment: 35. Primary completion: 2002-10.,clinical trial; ClinicalTrials.gov; gastric cancer; trial update,,https://clinicaltrials.gov/study/NCT00004127,clinical_trial_change,
NCT02595424,Cisplatin and Etoposide Versus Temozolomide and Capecitabine in Patients With Advanced Poorly Differentiated (G3) Non-Small Cell Gastrointestinal Neuroendocrine Carcinomas,Phase: PHASE2. Status: ACTIVE_NOT_RECRUITING. Sponsor: ECOG-ACRIN Cancer Research Group. Interventions: Capecitabine; Carboplatin; Cisplatin; Etoposide; Laboratory Biomarker Analysis; Temozolomide. Primary outcomes: Progression-free Survival (PFS). Enrollment: 67. Primary completion: 2025-04-23.,clinical trial; ClinicalTrials.gov; gastric cancer; trial update,,https://clinicaltrials.gov/study/NCT02595424,clinical_trial_change,
NCT01373346,Safety and Efficacy of Long Limb Roux-en Y Reconstruction,Phase: NA. Status: COMPLETED. Sponsor: Gangnam Severance Hospital. Interventions: Long limb Roux-en Y reconstruction. Primary outcomes: Morbidity; HbA1c; Hemoglobin; Albumin; Operation Related Mortality. Enrollment: 15. Primary completion: 2012-01.,clinical trial; ClinicalTrials.gov; gastric cancer; trial update,,https://clinicaltrials.gov/study/NCT01373346,clinical_trial_change,
NCT01386346,Epigenetic Priming Using Azacitidine With Neoadjuvant Chemotherapy for Resectable Esophageal Cancer,Phase: PHASE1. Status: COMPLETED. Sponsor: Weill Medical College of Cornell University. Interventions: Azacitidine; Oxaliplatin; Epirubicin; Capecitabine. Primary outcomes: Evaluation of dose limiting toxicity (DLT). Enrollment: 12. Primary completion: 2014-08.,clinical trial; ClinicalTrials.gov; gastric cancer; trial update,,https://clinicaltrials.gov/study/NCT01386346,clinical_trial_change,
NCT00202969,"Study of S-1, S-1/CDDP, and 5-FU/CDDP for Advanced Gastric Cancer","Phase: PHASE3. Status: COMPLETED. Sponsor: Taiho Pharmaceutical Co., Ltd.. Interventions: S-1; S-1 plus CDDP; 5-FU plus CDDP. Primary outcomes: Response rate. Enrollment: 180. Primary completion: 2007-01.",clinical trial; ClinicalTrials.gov; gastric cancer; trial update,,https://clinicaltrials.gov/study/NCT00202969,clinical_trial_change,
